session_name,model_name,shot_strategy,planning,time
Session-2025-07-02-13-59-50,gpt-4.1-mini,zeroshot,0,6
Session-2025-07-02-13-59-50,gpt-4.1-mini,zeroshot,0,5
Session-2025-07-02-13-59-50,gpt-4.1-mini,zeroshot,0,5
Session-2025-07-02-13-59-50,gpt-4.1-mini,zeroshot,0,4
Session-2025-07-02-13-59-50,gpt-4.1-mini,zeroshot,0,8
Session-2025-07-02-13-59-50,gpt-4.1-mini,zeroshot,0,6
Session-2025-07-02-13-59-50,gpt-4.1-mini,zeroshot,0,3
Session-2025-07-02-13-59-50,gpt-4.1-mini,zeroshot,0,8
Session-2025-07-02-13-59-50,gpt-4.1-mini,zeroshot,0,4
Session-2025-07-02-14-01-55,gemini-2.5-flash,zeroshot,0,11
Session-2025-07-02-14-01-55,gemini-2.5-flash,zeroshot,0,5
Session-2025-07-02-14-01-55,gemini-2.5-flash,zeroshot,0,23
Session-2025-07-02-14-01-55,gemini-2.5-flash,zeroshot,0,4
Session-2025-07-02-14-01-55,gemini-2.5-flash,zeroshot,0,9
Session-2025-07-02-14-01-55,gemini-2.5-flash,zeroshot,0,14
Session-2025-07-02-14-01-55,gemini-2.5-flash,zeroshot,0,16
Session-2025-07-02-14-01-55,gemini-2.5-flash,zeroshot,0,7
Session-2025-07-02-14-01-55,gemini-2.5-flash,zeroshot,0,10
Session-2025-07-02-14-04-30,claude-sonnet-4-20250514,zeroshot,0,7
Session-2025-07-02-14-04-30,claude-sonnet-4-20250514,zeroshot,0,5
Session-2025-07-02-14-04-30,claude-sonnet-4-20250514,zeroshot,0,10
Session-2025-07-02-14-04-30,claude-sonnet-4-20250514,zeroshot,0,5
Session-2025-07-02-14-04-30,claude-sonnet-4-20250514,zeroshot,0,9
Session-2025-07-02-14-04-30,claude-sonnet-4-20250514,zeroshot,0,12
Session-2025-07-02-14-04-30,claude-sonnet-4-20250514,zeroshot,0,9
Session-2025-07-02-14-04-30,claude-sonnet-4-20250514,zeroshot,0,5
Session-2025-07-02-14-04-30,claude-sonnet-4-20250514,zeroshot,0,10
Session-2025-07-02-14-08-00,claude-sonnet-4-20250514,zeroshot,1,11
Session-2025-07-02-14-08-00,claude-sonnet-4-20250514,zeroshot,1,6
Session-2025-07-02-14-08-00,claude-sonnet-4-20250514,zeroshot,1,13
Session-2025-07-02-14-08-00,claude-sonnet-4-20250514,zeroshot,1,9
Session-2025-07-02-14-08-00,claude-sonnet-4-20250514,zeroshot,1,8
Session-2025-07-02-14-08-00,claude-sonnet-4-20250514,zeroshot,1,10
Session-2025-07-02-14-08-00,claude-sonnet-4-20250514,zeroshot,1,8
Session-2025-07-02-14-08-00,claude-sonnet-4-20250514,zeroshot,1,5
Session-2025-07-02-14-08-00,claude-sonnet-4-20250514,zeroshot,1,7
Session-2025-07-02-14-09-54,gpt-4.1-mini,zeroshot,1,5
Session-2025-07-02-14-09-54,gpt-4.1-mini,zeroshot,1,3
Session-2025-07-02-14-09-54,gpt-4.1-mini,zeroshot,1,6
Session-2025-07-02-14-09-54,gpt-4.1-mini,zeroshot,1,4
Session-2025-07-02-14-09-54,gpt-4.1-mini,zeroshot,1,4
Session-2025-07-02-14-09-54,gpt-4.1-mini,zeroshot,1,5
Session-2025-07-02-14-09-54,gpt-4.1-mini,zeroshot,1,3
Session-2025-07-02-14-09-54,gpt-4.1-mini,zeroshot,1,6
Session-2025-07-02-14-09-54,gpt-4.1-mini,zeroshot,1,6
Session-2025-07-02-14-10-50,gemini-2.5-flash,zeroshot,1,8
Session-2025-07-02-14-10-50,gemini-2.5-flash,zeroshot,1,4
Session-2025-07-02-14-10-50,gemini-2.5-flash,zeroshot,1,21
Session-2025-07-02-14-10-50,gemini-2.5-flash,zeroshot,1,5
Session-2025-07-02-14-10-50,gemini-2.5-flash,zeroshot,1,8
Session-2025-07-02-14-10-50,gemini-2.5-flash,zeroshot,1,6
Session-2025-07-02-14-10-50,gemini-2.5-flash,zeroshot,1,12
Session-2025-07-02-14-10-50,gemini-2.5-flash,zeroshot,1,9
Session-2025-07-02-14-10-50,gemini-2.5-flash,zeroshot,1,10
Session-2025-07-02-14-13-17,gemini-2.5-flash,oneshot,0,10
Session-2025-07-02-14-13-17,gemini-2.5-flash,oneshot,0,7
Session-2025-07-02-14-13-17,gemini-2.5-flash,oneshot,0,14
Session-2025-07-02-14-13-17,gemini-2.5-flash,oneshot,0,4
Session-2025-07-02-14-13-17,gemini-2.5-flash,oneshot,0,16
Session-2025-07-02-14-13-17,gemini-2.5-flash,oneshot,0,63
Session-2025-07-02-14-13-17,gemini-2.5-flash,oneshot,0,14
Session-2025-07-02-14-13-17,gemini-2.5-flash,oneshot,0,14
Session-2025-07-02-14-13-17,gemini-2.5-flash,oneshot,0,12
Session-2025-07-02-14-16-10,gpt-4.1-mini,oneshot,0,11
Session-2025-07-02-14-16-10,gpt-4.1-mini,oneshot,0,3
Session-2025-07-02-14-16-10,gpt-4.1-mini,oneshot,0,8
Session-2025-07-02-14-16-10,gpt-4.1-mini,oneshot,0,3
Session-2025-07-02-14-16-10,gpt-4.1-mini,oneshot,0,6
Session-2025-07-02-14-16-10,gpt-4.1-mini,oneshot,0,4
Session-2025-07-02-14-16-10,gpt-4.1-mini,oneshot,0,2
Session-2025-07-02-14-16-10,gpt-4.1-mini,oneshot,0,3
Session-2025-07-02-14-16-10,gpt-4.1-mini,oneshot,0,6
Session-2025-07-02-14-17-24,claude-sonnet-4-20250514,oneshot,0,8
Session-2025-07-02-14-17-24,claude-sonnet-4-20250514,oneshot,0,4
Session-2025-07-02-14-17-24,claude-sonnet-4-20250514,oneshot,0,8
Session-2025-07-02-14-17-24,claude-sonnet-4-20250514,oneshot,0,4
Session-2025-07-02-14-17-24,claude-sonnet-4-20250514,oneshot,0,8
Session-2025-07-02-14-17-24,claude-sonnet-4-20250514,oneshot,0,7
Session-2025-07-02-14-17-24,claude-sonnet-4-20250514,oneshot,0,7
Session-2025-07-02-14-17-24,claude-sonnet-4-20250514,oneshot,0,4
Session-2025-07-02-14-17-24,claude-sonnet-4-20250514,oneshot,0,8
Session-2025-07-02-14-19-02,claude-sonnet-4-20250514,oneshot,1,9
Session-2025-07-02-14-19-02,claude-sonnet-4-20250514,oneshot,1,7
Session-2025-07-02-14-19-02,claude-sonnet-4-20250514,oneshot,1,9
Session-2025-07-02-14-19-02,claude-sonnet-4-20250514,oneshot,1,16
Session-2025-07-02-14-19-02,claude-sonnet-4-20250514,oneshot,1,12
Session-2025-07-02-14-19-02,claude-sonnet-4-20250514,oneshot,1,10
Session-2025-07-02-14-19-02,claude-sonnet-4-20250514,oneshot,1,8
Session-2025-07-02-14-19-02,claude-sonnet-4-20250514,oneshot,1,8
Session-2025-07-02-14-19-02,claude-sonnet-4-20250514,oneshot,1,8
Session-2025-07-02-14-21-26,gpt-4.1-mini,oneshot,1,8
Session-2025-07-02-14-21-26,gpt-4.1-mini,oneshot,1,5
Session-2025-07-02-14-21-26,gpt-4.1-mini,oneshot,1,8
Session-2025-07-02-14-21-26,gpt-4.1-mini,oneshot,1,3
Session-2025-07-02-14-21-26,gpt-4.1-mini,oneshot,1,7
Session-2025-07-02-14-21-26,gpt-4.1-mini,oneshot,1,9
Session-2025-07-02-14-21-26,gpt-4.1-mini,oneshot,1,5
Session-2025-07-02-14-21-26,gpt-4.1-mini,oneshot,1,6
Session-2025-07-02-14-21-26,gpt-4.1-mini,oneshot,1,7
Session-2025-07-02-14-22-54,gemini-2.5-flash,oneshot,1,13
Session-2025-07-02-14-22-54,gemini-2.5-flash,oneshot,1,7
Session-2025-07-02-14-22-54,gemini-2.5-flash,oneshot,1,26
Session-2025-07-02-14-22-54,gemini-2.5-flash,oneshot,1,6
Session-2025-07-02-14-22-54,gemini-2.5-flash,oneshot,1,19
Session-2025-07-02-14-22-54,gemini-2.5-flash,oneshot,1,6
Session-2025-07-02-14-22-54,gemini-2.5-flash,oneshot,1,17
Session-2025-07-02-14-22-54,gemini-2.5-flash,oneshot,1,7
Session-2025-07-02-14-22-54,gemini-2.5-flash,oneshot,1,12
Session-2025-07-02-14-25-29,gemini-2.5-flash,fewshot,0,18
Session-2025-07-02-14-25-29,gemini-2.5-flash,fewshot,0,6
Session-2025-07-02-14-25-29,gemini-2.5-flash,fewshot,0,20
Session-2025-07-02-14-25-29,gemini-2.5-flash,fewshot,0,7
Session-2025-07-02-14-25-29,gemini-2.5-flash,fewshot,0,19
Session-2025-07-02-14-25-29,gemini-2.5-flash,fewshot,0,6
Session-2025-07-02-14-25-29,gemini-2.5-flash,fewshot,0,13
Session-2025-07-02-14-25-29,gemini-2.5-flash,fewshot,0,15
Session-2025-07-02-14-25-29,gemini-2.5-flash,fewshot,0,13
Session-2025-07-02-14-27-43,gpt-4.1-mini,fewshot,0,6
Session-2025-07-02-14-27-43,gpt-4.1-mini,fewshot,0,5
Session-2025-07-02-14-27-43,gpt-4.1-mini,fewshot,0,7
Session-2025-07-02-14-27-43,gpt-4.1-mini,fewshot,0,2
Session-2025-07-02-14-27-43,gpt-4.1-mini,fewshot,0,4
Session-2025-07-02-14-27-43,gpt-4.1-mini,fewshot,0,2
Session-2025-07-02-14-27-43,gpt-4.1-mini,fewshot,0,5
Session-2025-07-02-14-27-43,gpt-4.1-mini,fewshot,0,5
Session-2025-07-02-14-27-43,gpt-4.1-mini,fewshot,0,4
Session-2025-07-02-14-28-41,claude-sonnet-4-20250514,fewshot,0,9
Session-2025-07-02-14-28-41,claude-sonnet-4-20250514,fewshot,0,5
Session-2025-07-02-14-28-41,claude-sonnet-4-20250514,fewshot,0,8
Session-2025-07-02-14-28-41,claude-sonnet-4-20250514,fewshot,0,5
Session-2025-07-02-14-28-41,claude-sonnet-4-20250514,fewshot,0,8
Session-2025-07-02-14-28-41,claude-sonnet-4-20250514,fewshot,0,190
Session-2025-07-02-14-28-41,claude-sonnet-4-20250514,fewshot,0,10
Session-2025-07-02-14-28-41,claude-sonnet-4-20250514,fewshot,0,5
Session-2025-07-02-14-28-41,claude-sonnet-4-20250514,fewshot,0,7
Session-2025-07-02-14-33-14,claude-sonnet-4-20250514,fewshot,1,11
Session-2025-07-02-14-33-14,claude-sonnet-4-20250514,fewshot,1,7
Session-2025-07-02-14-33-14,claude-sonnet-4-20250514,fewshot,1,13
Session-2025-07-02-14-33-14,claude-sonnet-4-20250514,fewshot,1,6
Session-2025-07-02-14-33-14,claude-sonnet-4-20250514,fewshot,1,12
Session-2025-07-02-14-33-14,claude-sonnet-4-20250514,fewshot,1,8
Session-2025-07-02-14-33-14,claude-sonnet-4-20250514,fewshot,1,9
Session-2025-07-02-14-33-14,claude-sonnet-4-20250514,fewshot,1,10
Session-2025-07-02-14-33-14,claude-sonnet-4-20250514,fewshot,1,10
Session-2025-07-02-14-35-01,gpt-4.1-mini,fewshot,1,7
Session-2025-07-02-14-35-01,gpt-4.1-mini,fewshot,1,5
Session-2025-07-02-14-35-01,gpt-4.1-mini,fewshot,1,8
Session-2025-07-02-14-35-01,gpt-4.1-mini,fewshot,1,5
Session-2025-07-02-14-35-01,gpt-4.1-mini,fewshot,1,8
Session-2025-07-02-14-35-01,gpt-4.1-mini,fewshot,1,7
Session-2025-07-02-14-35-01,gpt-4.1-mini,fewshot,1,14
Session-2025-07-02-14-35-01,gpt-4.1-mini,fewshot,1,11
Session-2025-07-02-14-35-01,gpt-4.1-mini,fewshot,1,10
Session-2025-07-02-14-36-33,gemini-2.5-flash,fewshot,1,12
Session-2025-07-02-14-36-33,gemini-2.5-flash,fewshot,1,3
Session-2025-07-02-14-36-33,gemini-2.5-flash,fewshot,1,19
Session-2025-07-02-14-36-33,gemini-2.5-flash,fewshot,1,6
Session-2025-07-02-14-36-33,gemini-2.5-flash,fewshot,1,9
Session-2025-07-02-14-36-33,gemini-2.5-flash,fewshot,1,4
Session-2025-07-02-14-36-33,gemini-2.5-flash,fewshot,1,8
Session-2025-07-02-14-36-33,gemini-2.5-flash,fewshot,1,9
Session-2025-07-02-14-36-33,gemini-2.5-flash,fewshot,1,11
Session-2025-07-05-14-19-33,gemini-2.5-flash,zeroshot,0,13
Session-2025-07-05-14-19-33,gemini-2.5-flash,zeroshot,0,11
Session-2025-07-05-14-19-33,gemini-2.5-flash,zeroshot,0,9
Session-2025-07-05-14-19-33,gemini-2.5-flash,zeroshot,0,8
Session-2025-07-05-14-19-33,gemini-2.5-flash,zeroshot,0,17
Session-2025-07-05-14-19-33,gemini-2.5-flash,zeroshot,0,20
Session-2025-07-05-14-19-33,gemini-2.5-flash,zeroshot,0,7
Session-2025-07-05-14-19-33,gemini-2.5-flash,zeroshot,0,19
Session-2025-07-05-14-19-33,gemini-2.5-flash,zeroshot,0,21
Session-2025-07-05-14-21-59,gpt-4.1-mini,zeroshot,0,4
Session-2025-07-05-14-21-59,gpt-4.1-mini,zeroshot,0,2
Session-2025-07-05-14-21-59,gpt-4.1-mini,zeroshot,0,6
Session-2025-07-05-14-21-59,gpt-4.1-mini,zeroshot,0,5
Session-2025-07-05-14-21-59,gpt-4.1-mini,zeroshot,0,6
Session-2025-07-05-14-21-59,gpt-4.1-mini,zeroshot,0,8
Session-2025-07-05-14-21-59,gpt-4.1-mini,zeroshot,0,4
Session-2025-07-05-14-21-59,gpt-4.1-mini,zeroshot,0,3
Session-2025-07-05-14-21-59,gpt-4.1-mini,zeroshot,0,2
Session-2025-07-05-14-22-55,claude-sonnet-4-20250514,zeroshot,0,5
Session-2025-07-05-14-22-55,claude-sonnet-4-20250514,zeroshot,0,9
Session-2025-07-05-14-22-55,claude-sonnet-4-20250514,zeroshot,0,7
Session-2025-07-05-14-22-55,claude-sonnet-4-20250514,zeroshot,0,5
Session-2025-07-05-14-22-55,claude-sonnet-4-20250514,zeroshot,0,6
Session-2025-07-05-14-22-55,claude-sonnet-4-20250514,zeroshot,0,6
Session-2025-07-05-14-22-55,claude-sonnet-4-20250514,zeroshot,0,5
Session-2025-07-05-14-22-55,claude-sonnet-4-20250514,zeroshot,0,8
Session-2025-07-05-14-22-55,claude-sonnet-4-20250514,zeroshot,0,4
Session-2025-07-05-14-24-12,claude-sonnet-4-20250514,zeroshot,1,7
Session-2025-07-05-14-24-12,claude-sonnet-4-20250514,zeroshot,1,7
Session-2025-07-05-14-24-12,claude-sonnet-4-20250514,zeroshot,1,10
Session-2025-07-05-14-24-12,claude-sonnet-4-20250514,zeroshot,1,8
Session-2025-07-05-14-24-12,claude-sonnet-4-20250514,zeroshot,1,7
Session-2025-07-05-14-24-12,claude-sonnet-4-20250514,zeroshot,1,9
Session-2025-07-05-14-24-12,claude-sonnet-4-20250514,zeroshot,1,8
Session-2025-07-05-14-24-12,claude-sonnet-4-20250514,zeroshot,1,7
Session-2025-07-05-14-24-12,claude-sonnet-4-20250514,zeroshot,1,7
Session-2025-07-05-14-25-38,gpt-4.1-mini,zeroshot,1,5
Session-2025-07-05-14-25-38,gpt-4.1-mini,zeroshot,1,14
Session-2025-07-05-14-25-38,gpt-4.1-mini,zeroshot,1,6
Session-2025-07-05-14-25-38,gpt-4.1-mini,zeroshot,1,3
Session-2025-07-05-14-25-38,gpt-4.1-mini,zeroshot,1,10
Session-2025-07-05-14-25-38,gpt-4.1-mini,zeroshot,1,5
Session-2025-07-05-14-25-38,gpt-4.1-mini,zeroshot,1,6
Session-2025-07-05-14-25-38,gpt-4.1-mini,zeroshot,1,6
Session-2025-07-05-14-25-38,gpt-4.1-mini,zeroshot,1,3
Session-2025-07-05-14-26-51,gemini-2.5-flash,zeroshot,1,8
Session-2025-07-05-14-26-51,gemini-2.5-flash,zeroshot,1,10
Session-2025-07-05-14-26-51,gemini-2.5-flash,zeroshot,1,9
Session-2025-07-05-14-26-51,gemini-2.5-flash,zeroshot,1,8
Session-2025-07-05-14-26-51,gemini-2.5-flash,zeroshot,1,14
Session-2025-07-05-14-26-51,gemini-2.5-flash,zeroshot,1,19
Session-2025-07-05-14-26-51,gemini-2.5-flash,zeroshot,1,9
Session-2025-07-05-14-26-51,gemini-2.5-flash,zeroshot,1,10
Session-2025-07-05-14-26-51,gemini-2.5-flash,zeroshot,1,14
Session-2025-07-05-14-28-59,gemini-2.5-flash,oneshot,0,33
Session-2025-07-05-14-28-59,gemini-2.5-flash,oneshot,0,9
Session-2025-07-05-14-28-59,gemini-2.5-flash,oneshot,0,17
Session-2025-07-05-14-28-59,gemini-2.5-flash,oneshot,0,6
Session-2025-07-05-14-28-59,gemini-2.5-flash,oneshot,0,14
Session-2025-07-05-14-28-59,gemini-2.5-flash,oneshot,0,9
Session-2025-07-05-14-28-59,gemini-2.5-flash,oneshot,0,11
Session-2025-07-05-14-28-59,gemini-2.5-flash,oneshot,0,17
Session-2025-07-05-14-28-59,gemini-2.5-flash,oneshot,0,30
Session-2025-07-05-14-31-46,gpt-4.1-mini,oneshot,0,5
Session-2025-07-05-14-31-46,gpt-4.1-mini,oneshot,0,5
Session-2025-07-05-14-31-46,gpt-4.1-mini,oneshot,0,4
Session-2025-07-05-14-31-46,gpt-4.1-mini,oneshot,0,3
Session-2025-07-05-14-31-46,gpt-4.1-mini,oneshot,0,5
Session-2025-07-05-14-31-46,gpt-4.1-mini,oneshot,0,7
Session-2025-07-05-14-31-46,gpt-4.1-mini,oneshot,0,5
Session-2025-07-05-14-31-46,gpt-4.1-mini,oneshot,0,4
Session-2025-07-05-14-31-46,gpt-4.1-mini,oneshot,0,2
Session-2025-07-05-14-32-42,claude-sonnet-4-20250514,oneshot,0,6
Session-2025-07-05-14-32-42,claude-sonnet-4-20250514,oneshot,0,6
Session-2025-07-05-14-32-42,claude-sonnet-4-20250514,oneshot,0,4
Session-2025-07-05-14-32-42,claude-sonnet-4-20250514,oneshot,0,5
Session-2025-07-05-14-32-42,claude-sonnet-4-20250514,oneshot,0,4
Session-2025-07-05-14-32-42,claude-sonnet-4-20250514,oneshot,0,6
Session-2025-07-05-14-32-42,claude-sonnet-4-20250514,oneshot,0,5
Session-2025-07-05-14-32-42,claude-sonnet-4-20250514,oneshot,0,5
Session-2025-07-05-14-32-42,claude-sonnet-4-20250514,oneshot,0,4
Session-2025-07-05-14-33-57,claude-sonnet-4-20250514,oneshot,1,7
Session-2025-07-05-14-33-57,claude-sonnet-4-20250514,oneshot,1,7
Session-2025-07-05-14-33-57,claude-sonnet-4-20250514,oneshot,1,8
Session-2025-07-05-14-33-57,claude-sonnet-4-20250514,oneshot,1,6
Session-2025-07-05-14-33-57,claude-sonnet-4-20250514,oneshot,1,6
Session-2025-07-05-14-33-57,claude-sonnet-4-20250514,oneshot,1,8
Session-2025-07-05-14-33-57,claude-sonnet-4-20250514,oneshot,1,7
Session-2025-07-05-14-33-57,claude-sonnet-4-20250514,oneshot,1,8
Session-2025-07-05-14-33-57,claude-sonnet-4-20250514,oneshot,1,7
Session-2025-07-05-14-35-35,gpt-4.1-mini,oneshot,1,6
Session-2025-07-05-14-35-35,gpt-4.1-mini,oneshot,1,4
Session-2025-07-05-14-35-35,gpt-4.1-mini,oneshot,1,5
Session-2025-07-05-14-35-35,gpt-4.1-mini,oneshot,1,3
Session-2025-07-05-14-35-35,gpt-4.1-mini,oneshot,1,6
Session-2025-07-05-14-35-35,gpt-4.1-mini,oneshot,1,8
Session-2025-07-05-14-35-35,gpt-4.1-mini,oneshot,1,9
Session-2025-07-05-14-35-35,gpt-4.1-mini,oneshot,1,5
Session-2025-07-05-14-35-35,gpt-4.1-mini,oneshot,1,4
Session-2025-07-05-14-36-37,gemini-2.5-flash,oneshot,1,25
Session-2025-07-05-14-36-37,gemini-2.5-flash,oneshot,1,9
Session-2025-07-05-14-36-37,gemini-2.5-flash,oneshot,1,14
Session-2025-07-05-14-36-37,gemini-2.5-flash,oneshot,1,7
Session-2025-07-05-14-36-37,gemini-2.5-flash,oneshot,1,16
Session-2025-07-05-14-36-37,gemini-2.5-flash,oneshot,1,12
Session-2025-07-05-14-36-37,gemini-2.5-flash,oneshot,1,10
Session-2025-07-05-14-36-37,gemini-2.5-flash,oneshot,1,33
Session-2025-07-05-14-36-37,gemini-2.5-flash,oneshot,1,12
Session-2025-07-05-14-39-23,gemini-2.5-flash,fewshot,0,8
Session-2025-07-05-14-39-23,gemini-2.5-flash,fewshot,0,9
Session-2025-07-05-14-39-23,gemini-2.5-flash,fewshot,0,9
Session-2025-07-05-14-39-23,gemini-2.5-flash,fewshot,0,6
Session-2025-07-05-14-39-23,gemini-2.5-flash,fewshot,0,15
Session-2025-07-05-14-39-23,gemini-2.5-flash,fewshot,0,13
Session-2025-07-05-14-39-23,gemini-2.5-flash,fewshot,0,13
Session-2025-07-05-14-39-23,gemini-2.5-flash,fewshot,0,11
Session-2025-07-05-14-39-23,gemini-2.5-flash,fewshot,0,17
Session-2025-07-05-14-41-20,gpt-4.1-mini,fewshot,0,4
Session-2025-07-05-14-41-20,gpt-4.1-mini,fewshot,0,3
Session-2025-07-05-14-41-20,gpt-4.1-mini,fewshot,0,4
Session-2025-07-05-14-41-20,gpt-4.1-mini,fewshot,0,3
Session-2025-07-05-14-41-20,gpt-4.1-mini,fewshot,0,3
Session-2025-07-05-14-41-20,gpt-4.1-mini,fewshot,0,7
Session-2025-07-05-14-41-20,gpt-4.1-mini,fewshot,0,3
Session-2025-07-05-14-41-20,gpt-4.1-mini,fewshot,0,4
Session-2025-07-05-14-41-20,gpt-4.1-mini,fewshot,0,2
Session-2025-07-05-14-42-24,claude-sonnet-4-20250514,fewshot,0,6
Session-2025-07-05-14-42-24,claude-sonnet-4-20250514,fewshot,0,6
Session-2025-07-05-14-42-24,claude-sonnet-4-20250514,fewshot,0,4
Session-2025-07-05-14-42-24,claude-sonnet-4-20250514,fewshot,0,7
Session-2025-07-05-14-42-24,claude-sonnet-4-20250514,fewshot,0,5
Session-2025-07-05-14-42-24,claude-sonnet-4-20250514,fewshot,0,6
Session-2025-07-05-14-42-24,claude-sonnet-4-20250514,fewshot,0,6
Session-2025-07-05-14-42-24,claude-sonnet-4-20250514,fewshot,0,5
Session-2025-07-05-14-42-24,claude-sonnet-4-20250514,fewshot,0,20
Session-2025-07-05-14-43-47,claude-sonnet-4-20250514,fewshot,1,8
Session-2025-07-05-14-43-47,claude-sonnet-4-20250514,fewshot,1,9
Session-2025-07-05-14-43-47,claude-sonnet-4-20250514,fewshot,1,24
Session-2025-07-05-14-43-47,claude-sonnet-4-20250514,fewshot,1,6
Session-2025-07-05-14-43-47,claude-sonnet-4-20250514,fewshot,1,22
Session-2025-07-05-14-43-47,claude-sonnet-4-20250514,fewshot,1,8
Session-2025-07-05-14-43-47,claude-sonnet-4-20250514,fewshot,1,21
Session-2025-07-05-14-43-47,claude-sonnet-4-20250514,fewshot,1,7
Session-2025-07-05-14-43-47,claude-sonnet-4-20250514,fewshot,1,20
Session-2025-07-05-14-46-13,gpt-4.1-mini,fewshot,1,6
Session-2025-07-05-14-46-13,gpt-4.1-mini,fewshot,1,7
Session-2025-07-05-14-46-13,gpt-4.1-mini,fewshot,1,9
Session-2025-07-05-14-46-13,gpt-4.1-mini,fewshot,1,3
Session-2025-07-05-14-46-13,gpt-4.1-mini,fewshot,1,11
Session-2025-07-05-14-46-13,gpt-4.1-mini,fewshot,1,3
Session-2025-07-05-14-46-13,gpt-4.1-mini,fewshot,1,5
Session-2025-07-05-14-46-13,gpt-4.1-mini,fewshot,1,6
Session-2025-07-05-14-46-13,gpt-4.1-mini,fewshot,1,5
Session-2025-07-05-14-47-58,gemini-2.5-flash,fewshot,1,9
Session-2025-07-05-14-47-58,gemini-2.5-flash,fewshot,1,12
Session-2025-07-05-14-47-58,gemini-2.5-flash,fewshot,1,12
Session-2025-07-05-14-47-58,gemini-2.5-flash,fewshot,1,7
Session-2025-07-05-14-47-58,gemini-2.5-flash,fewshot,1,17
Session-2025-07-05-14-47-58,gemini-2.5-flash,fewshot,1,11
Session-2025-07-05-14-47-58,gemini-2.5-flash,fewshot,1,6
Session-2025-07-05-14-47-58,gemini-2.5-flash,fewshot,1,15
Session-2025-07-05-14-47-58,gemini-2.5-flash,fewshot,1,20
Session-2025-07-07-08-57-28,gemini-2.5-flash,zeroshot,0,15
Session-2025-07-07-08-57-28,gemini-2.5-flash,zeroshot,0,13
Session-2025-07-07-08-57-28,gemini-2.5-flash,zeroshot,0,10
Session-2025-07-07-08-57-28,gemini-2.5-flash,zeroshot,0,13
Session-2025-07-07-08-57-28,gemini-2.5-flash,zeroshot,0,23
Session-2025-07-07-08-57-28,gemini-2.5-flash,zeroshot,0,12
Session-2025-07-07-08-57-28,gemini-2.5-flash,zeroshot,0,11
Session-2025-07-07-08-57-28,gemini-2.5-flash,zeroshot,0,11
Session-2025-07-07-08-57-28,gemini-2.5-flash,zeroshot,0,12
Session-2025-07-07-08-57-28,gemini-2.5-flash,zeroshot,0,23
Session-2025-07-07-08-57-28,gemini-2.5-flash,zeroshot,0,17
Session-2025-07-07-08-57-28,gemini-2.5-flash,zeroshot,0,10
Session-2025-07-07-08-57-28,gemini-2.5-flash,zeroshot,0,12
Session-2025-07-07-08-57-28,gemini-2.5-flash,zeroshot,0,13
Session-2025-07-07-08-57-28,gemini-2.5-flash,zeroshot,0,6
Session-2025-07-07-08-57-28,gemini-2.5-flash,zeroshot,0,24
Session-2025-07-07-08-57-28,gemini-2.5-flash,zeroshot,0,10
Session-2025-07-07-08-57-28,gemini-2.5-flash,zeroshot,0,14
Session-2025-07-07-08-57-28,gemini-2.5-flash,zeroshot,0,9
Session-2025-07-07-08-57-28,gemini-2.5-flash,zeroshot,0,14
Session-2025-07-07-08-57-28,gemini-2.5-flash,zeroshot,0,13
Session-2025-07-07-08-57-28,gemini-2.5-flash,zeroshot,0,4
Session-2025-07-07-08-57-28,gemini-2.5-flash,zeroshot,0,11
Session-2025-07-07-08-57-28,gemini-2.5-flash,zeroshot,0,15
Session-2025-07-07-08-57-28,gemini-2.5-flash,zeroshot,0,11
Session-2025-07-07-08-57-28,gemini-2.5-flash,zeroshot,0,10
Session-2025-07-07-08-57-28,gemini-2.5-flash,zeroshot,0,13
Session-2025-07-07-08-57-28,gemini-2.5-flash,zeroshot,0,5
Session-2025-07-07-08-57-28,gemini-2.5-flash,zeroshot,0,8
Session-2025-07-07-09-04-47,gpt-4.1-mini,zeroshot,0,8
Session-2025-07-07-09-04-47,gpt-4.1-mini,zeroshot,0,4
Session-2025-07-07-09-04-47,gpt-4.1-mini,zeroshot,0,2
Session-2025-07-07-09-04-47,gpt-4.1-mini,zeroshot,0,7
Session-2025-07-07-09-04-47,gpt-4.1-mini,zeroshot,0,3
Session-2025-07-07-09-04-47,gpt-4.1-mini,zeroshot,0,4
Session-2025-07-07-09-04-47,gpt-4.1-mini,zeroshot,0,6
Session-2025-07-07-09-04-47,gpt-4.1-mini,zeroshot,0,6
Session-2025-07-07-09-04-47,gpt-4.1-mini,zeroshot,0,5
Session-2025-07-07-09-04-47,gpt-4.1-mini,zeroshot,0,3
Session-2025-07-07-09-04-47,gpt-4.1-mini,zeroshot,0,4
Session-2025-07-07-09-04-47,gpt-4.1-mini,zeroshot,0,2
Session-2025-07-07-09-04-47,gpt-4.1-mini,zeroshot,0,4
Session-2025-07-07-09-04-47,gpt-4.1-mini,zeroshot,0,4
Session-2025-07-07-09-04-47,gpt-4.1-mini,zeroshot,0,5
Session-2025-07-07-09-04-47,gpt-4.1-mini,zeroshot,0,2
Session-2025-07-07-09-04-47,gpt-4.1-mini,zeroshot,0,5
Session-2025-07-07-09-04-47,gpt-4.1-mini,zeroshot,0,4
Session-2025-07-07-09-04-47,gpt-4.1-mini,zeroshot,0,5
Session-2025-07-07-09-04-47,gpt-4.1-mini,zeroshot,0,5
Session-2025-07-07-09-04-47,gpt-4.1-mini,zeroshot,0,3
Session-2025-07-07-09-04-47,gpt-4.1-mini,zeroshot,0,1
Session-2025-07-07-09-04-47,gpt-4.1-mini,zeroshot,0,3
Session-2025-07-07-09-04-47,gpt-4.1-mini,zeroshot,0,3
Session-2025-07-07-09-04-47,gpt-4.1-mini,zeroshot,0,5
Session-2025-07-07-09-04-47,gpt-4.1-mini,zeroshot,0,11
Session-2025-07-07-09-04-47,gpt-4.1-mini,zeroshot,0,3
Session-2025-07-07-09-04-47,gpt-4.1-mini,zeroshot,0,4
Session-2025-07-07-09-04-47,gpt-4.1-mini,zeroshot,0,2
Session-2025-07-07-09-09-23,claude-sonnet-4-20250514,zeroshot,0,7
Session-2025-07-07-09-09-23,claude-sonnet-4-20250514,zeroshot,0,6
Session-2025-07-07-09-09-23,claude-sonnet-4-20250514,zeroshot,0,5
Session-2025-07-07-09-09-23,claude-sonnet-4-20250514,zeroshot,0,5
Session-2025-07-07-09-09-23,claude-sonnet-4-20250514,zeroshot,0,6
Session-2025-07-07-09-09-23,claude-sonnet-4-20250514,zeroshot,0,6
Session-2025-07-07-09-09-23,claude-sonnet-4-20250514,zeroshot,0,4
Session-2025-07-07-09-09-23,claude-sonnet-4-20250514,zeroshot,0,8
Session-2025-07-07-09-09-23,claude-sonnet-4-20250514,zeroshot,0,5
Session-2025-07-07-09-09-23,claude-sonnet-4-20250514,zeroshot,0,5
Session-2025-07-07-09-09-23,claude-sonnet-4-20250514,zeroshot,0,6
Session-2025-07-07-09-09-23,claude-sonnet-4-20250514,zeroshot,0,6
Session-2025-07-07-09-09-23,claude-sonnet-4-20250514,zeroshot,0,5
Session-2025-07-07-09-09-23,claude-sonnet-4-20250514,zeroshot,0,7
Session-2025-07-07-09-09-23,claude-sonnet-4-20250514,zeroshot,0,4
Session-2025-07-07-09-09-23,claude-sonnet-4-20250514,zeroshot,0,7
Session-2025-07-07-09-09-23,claude-sonnet-4-20250514,zeroshot,0,5
Session-2025-07-07-09-09-23,claude-sonnet-4-20250514,zeroshot,0,5
Session-2025-07-07-09-09-23,claude-sonnet-4-20250514,zeroshot,0,11
Session-2025-07-07-09-09-23,claude-sonnet-4-20250514,zeroshot,0,7
Session-2025-07-07-09-09-23,claude-sonnet-4-20250514,zeroshot,0,4
Session-2025-07-07-09-09-23,claude-sonnet-4-20250514,zeroshot,0,3
Session-2025-07-07-09-09-23,claude-sonnet-4-20250514,zeroshot,0,4
Session-2025-07-07-09-09-23,claude-sonnet-4-20250514,zeroshot,0,5
Session-2025-07-07-09-09-23,claude-sonnet-4-20250514,zeroshot,0,5
Session-2025-07-07-09-09-23,claude-sonnet-4-20250514,zeroshot,0,7
Session-2025-07-07-09-09-23,claude-sonnet-4-20250514,zeroshot,0,4
Session-2025-07-07-09-09-23,claude-sonnet-4-20250514,zeroshot,0,6
Session-2025-07-07-09-09-23,claude-sonnet-4-20250514,zeroshot,0,3
Session-2025-07-07-09-12-56,claude-sonnet-4-20250514,zeroshot,1,8
Session-2025-07-07-09-12-56,claude-sonnet-4-20250514,zeroshot,1,9
Session-2025-07-07-09-12-56,claude-sonnet-4-20250514,zeroshot,1,9
Session-2025-07-07-09-12-56,claude-sonnet-4-20250514,zeroshot,1,7
Session-2025-07-07-09-12-56,claude-sonnet-4-20250514,zeroshot,1,7
Session-2025-07-07-09-12-56,claude-sonnet-4-20250514,zeroshot,1,7
Session-2025-07-07-09-12-56,claude-sonnet-4-20250514,zeroshot,1,11
Session-2025-07-07-09-12-56,claude-sonnet-4-20250514,zeroshot,1,6
Session-2025-07-07-09-12-56,claude-sonnet-4-20250514,zeroshot,1,8
Session-2025-07-07-09-12-56,claude-sonnet-4-20250514,zeroshot,1,8
Session-2025-07-07-09-12-56,claude-sonnet-4-20250514,zeroshot,1,9
Session-2025-07-07-09-12-56,claude-sonnet-4-20250514,zeroshot,1,6
Session-2025-07-07-09-12-56,claude-sonnet-4-20250514,zeroshot,1,6
Session-2025-07-07-09-12-56,claude-sonnet-4-20250514,zeroshot,1,8
Session-2025-07-07-09-12-56,claude-sonnet-4-20250514,zeroshot,1,6
Session-2025-07-07-09-12-56,claude-sonnet-4-20250514,zeroshot,1,7
Session-2025-07-07-09-12-56,claude-sonnet-4-20250514,zeroshot,1,8
Session-2025-07-07-09-12-56,claude-sonnet-4-20250514,zeroshot,1,9
Session-2025-07-07-09-12-56,claude-sonnet-4-20250514,zeroshot,1,5
Session-2025-07-07-09-12-56,claude-sonnet-4-20250514,zeroshot,1,9
Session-2025-07-07-09-12-56,claude-sonnet-4-20250514,zeroshot,1,5
Session-2025-07-07-09-12-56,claude-sonnet-4-20250514,zeroshot,1,9
Session-2025-07-07-09-12-56,claude-sonnet-4-20250514,zeroshot,1,6
Session-2025-07-07-09-12-56,claude-sonnet-4-20250514,zeroshot,1,8
Session-2025-07-07-09-12-56,claude-sonnet-4-20250514,zeroshot,1,8
Session-2025-07-07-09-12-56,claude-sonnet-4-20250514,zeroshot,1,14
Session-2025-07-07-09-12-56,claude-sonnet-4-20250514,zeroshot,1,10
Session-2025-07-07-09-12-56,claude-sonnet-4-20250514,zeroshot,1,6
Session-2025-07-07-09-12-56,claude-sonnet-4-20250514,zeroshot,1,6
Session-2025-07-07-09-17-07,gpt-4.1-mini,zeroshot,1,8
Session-2025-07-07-09-17-07,gpt-4.1-mini,zeroshot,1,7
Session-2025-07-07-09-17-07,gpt-4.1-mini,zeroshot,1,2
Session-2025-07-07-09-17-07,gpt-4.1-mini,zeroshot,1,10
Session-2025-07-07-09-17-07,gpt-4.1-mini,zeroshot,1,5
Session-2025-07-07-09-17-07,gpt-4.1-mini,zeroshot,1,7
Session-2025-07-07-09-17-07,gpt-4.1-mini,zeroshot,1,6
Session-2025-07-07-09-17-07,gpt-4.1-mini,zeroshot,1,5
Session-2025-07-07-09-17-07,gpt-4.1-mini,zeroshot,1,6
Session-2025-07-07-09-17-07,gpt-4.1-mini,zeroshot,1,6
Session-2025-07-07-09-17-07,gpt-4.1-mini,zeroshot,1,5
Session-2025-07-07-09-17-07,gpt-4.1-mini,zeroshot,1,6
Session-2025-07-07-09-17-07,gpt-4.1-mini,zeroshot,1,3
Session-2025-07-07-09-17-07,gpt-4.1-mini,zeroshot,1,8
Session-2025-07-07-09-17-07,gpt-4.1-mini,zeroshot,1,8
Session-2025-07-07-09-17-07,gpt-4.1-mini,zeroshot,1,6
Session-2025-07-07-09-17-07,gpt-4.1-mini,zeroshot,1,4
Session-2025-07-07-09-17-07,gpt-4.1-mini,zeroshot,1,4
Session-2025-07-07-09-17-07,gpt-4.1-mini,zeroshot,1,4
Session-2025-07-07-09-17-07,gpt-4.1-mini,zeroshot,1,6
Session-2025-07-07-09-17-07,gpt-4.1-mini,zeroshot,1,5
Session-2025-07-07-09-17-07,gpt-4.1-mini,zeroshot,1,3
Session-2025-07-07-09-17-07,gpt-4.1-mini,zeroshot,1,5
Session-2025-07-07-09-17-07,gpt-4.1-mini,zeroshot,1,4
Session-2025-07-07-09-17-07,gpt-4.1-mini,zeroshot,1,5
Session-2025-07-07-09-17-07,gpt-4.1-mini,zeroshot,1,6
Session-2025-07-07-09-17-07,gpt-4.1-mini,zeroshot,1,8
Session-2025-07-07-09-17-07,gpt-4.1-mini,zeroshot,1,4
Session-2025-07-07-09-17-07,gpt-4.1-mini,zeroshot,1,3
Session-2025-07-07-09-20-17,gemini-2.5-flash,zeroshot,1,13
Session-2025-07-07-09-20-17,gemini-2.5-flash,zeroshot,1,18
Session-2025-07-07-09-20-17,gemini-2.5-flash,zeroshot,1,4
Session-2025-07-07-09-20-17,gemini-2.5-flash,zeroshot,1,13
Session-2025-07-07-09-20-17,gemini-2.5-flash,zeroshot,1,23
Session-2025-07-07-09-20-17,gemini-2.5-flash,zeroshot,1,14
Session-2025-07-07-09-20-17,gemini-2.5-flash,zeroshot,1,9
Session-2025-07-07-09-20-17,gemini-2.5-flash,zeroshot,1,11
Session-2025-07-07-09-20-17,gemini-2.5-flash,zeroshot,1,10
Session-2025-07-07-09-20-17,gemini-2.5-flash,zeroshot,1,18
Session-2025-07-07-09-20-17,gemini-2.5-flash,zeroshot,1,11
Session-2025-07-07-09-20-17,gemini-2.5-flash,zeroshot,1,11
Session-2025-07-07-09-20-17,gemini-2.5-flash,zeroshot,1,8
Session-2025-07-07-09-20-17,gemini-2.5-flash,zeroshot,1,10
Session-2025-07-07-09-20-17,gemini-2.5-flash,zeroshot,1,8
Session-2025-07-07-09-20-17,gemini-2.5-flash,zeroshot,1,11
Session-2025-07-07-09-20-17,gemini-2.5-flash,zeroshot,1,12
Session-2025-07-07-09-20-17,gemini-2.5-flash,zeroshot,1,13
Session-2025-07-07-09-20-17,gemini-2.5-flash,zeroshot,1,9
Session-2025-07-07-09-20-17,gemini-2.5-flash,zeroshot,1,11
Session-2025-07-07-09-20-17,gemini-2.5-flash,zeroshot,1,10
Session-2025-07-07-09-20-17,gemini-2.5-flash,zeroshot,1,4
Session-2025-07-07-09-20-17,gemini-2.5-flash,zeroshot,1,13
Session-2025-07-07-09-20-17,gemini-2.5-flash,zeroshot,1,11
Session-2025-07-07-09-20-17,gemini-2.5-flash,zeroshot,1,13
Session-2025-07-07-09-20-17,gemini-2.5-flash,zeroshot,1,19
Session-2025-07-07-09-20-17,gemini-2.5-flash,zeroshot,1,8
Session-2025-07-07-09-20-17,gemini-2.5-flash,zeroshot,1,5
Session-2025-07-07-09-20-17,gemini-2.5-flash,zeroshot,1,6
Session-2025-07-07-09-29-15,gemini-2.5-flash,oneshot,0,12
Session-2025-07-07-09-29-15,gemini-2.5-flash,oneshot,0,14
Session-2025-07-07-09-29-15,gemini-2.5-flash,oneshot,0,11
Session-2025-07-07-09-29-15,gemini-2.5-flash,oneshot,0,12
Session-2025-07-07-09-29-15,gemini-2.5-flash,oneshot,0,15
Session-2025-07-07-09-29-15,gemini-2.5-flash,oneshot,0,12
Session-2025-07-07-09-29-15,gemini-2.5-flash,oneshot,0,7
Session-2025-07-07-09-29-15,gemini-2.5-flash,oneshot,0,22
Session-2025-07-07-09-29-15,gemini-2.5-flash,oneshot,0,8
Session-2025-07-07-09-29-15,gemini-2.5-flash,oneshot,0,22
Session-2025-07-07-09-29-15,gemini-2.5-flash,oneshot,0,9
Session-2025-07-07-09-29-15,gemini-2.5-flash,oneshot,0,10
Session-2025-07-07-09-29-15,gemini-2.5-flash,oneshot,0,8
Session-2025-07-07-09-29-15,gemini-2.5-flash,oneshot,0,16
Session-2025-07-07-09-29-15,gemini-2.5-flash,oneshot,0,9
Session-2025-07-07-09-29-15,gemini-2.5-flash,oneshot,0,17
Session-2025-07-07-09-29-15,gemini-2.5-flash,oneshot,0,7
Session-2025-07-07-09-29-15,gemini-2.5-flash,oneshot,0,20
Session-2025-07-07-09-29-15,gemini-2.5-flash,oneshot,0,8
Session-2025-07-07-09-29-15,gemini-2.5-flash,oneshot,0,9
Session-2025-07-07-09-29-15,gemini-2.5-flash,oneshot,0,16
Session-2025-07-07-09-29-15,gemini-2.5-flash,oneshot,0,4
Session-2025-07-07-09-29-15,gemini-2.5-flash,oneshot,0,8
Session-2025-07-07-09-29-15,gemini-2.5-flash,oneshot,0,14
Session-2025-07-07-09-29-15,gemini-2.5-flash,oneshot,0,12
Session-2025-07-07-09-29-15,gemini-2.5-flash,oneshot,0,23
Session-2025-07-07-09-29-15,gemini-2.5-flash,oneshot,0,18
Session-2025-07-07-09-29-15,gemini-2.5-flash,oneshot,0,17
Session-2025-07-07-09-29-15,gemini-2.5-flash,oneshot,0,4
Session-2025-07-07-09-43-37,gpt-4.1-mini,oneshot,0,9
Session-2025-07-07-09-43-37,gpt-4.1-mini,oneshot,0,4
Session-2025-07-07-09-43-37,gpt-4.1-mini,oneshot,0,3
Session-2025-07-07-09-43-37,gpt-4.1-mini,oneshot,0,6
Session-2025-07-07-09-43-37,gpt-4.1-mini,oneshot,0,4
Session-2025-07-07-09-43-37,gpt-4.1-mini,oneshot,0,5
Session-2025-07-07-09-43-37,gpt-4.1-mini,oneshot,0,4
Session-2025-07-07-09-43-37,gpt-4.1-mini,oneshot,0,6
Session-2025-07-07-09-43-37,gpt-4.1-mini,oneshot,0,4
Session-2025-07-07-09-43-37,gpt-4.1-mini,oneshot,0,6
Session-2025-07-07-09-43-37,gpt-4.1-mini,oneshot,0,5
Session-2025-07-07-09-43-37,gpt-4.1-mini,oneshot,0,5
Session-2025-07-07-09-43-37,gpt-4.1-mini,oneshot,0,2
Session-2025-07-07-09-43-37,gpt-4.1-mini,oneshot,0,6
Session-2025-07-07-09-43-37,gpt-4.1-mini,oneshot,0,4
Session-2025-07-07-09-43-37,gpt-4.1-mini,oneshot,0,3
Session-2025-07-07-09-43-37,gpt-4.1-mini,oneshot,0,3
Session-2025-07-07-09-43-37,gpt-4.1-mini,oneshot,0,14
Session-2025-07-07-09-43-37,gpt-4.1-mini,oneshot,0,6
Session-2025-07-07-09-43-37,gpt-4.1-mini,oneshot,0,5
Session-2025-07-07-09-43-37,gpt-4.1-mini,oneshot,0,4
Session-2025-07-07-09-43-37,gpt-4.1-mini,oneshot,0,6
Session-2025-07-07-09-43-37,gpt-4.1-mini,oneshot,0,2
Session-2025-07-07-09-43-37,gpt-4.1-mini,oneshot,0,7
Session-2025-07-07-09-43-37,gpt-4.1-mini,oneshot,0,3
Session-2025-07-07-09-43-37,gpt-4.1-mini,oneshot,0,5
Session-2025-07-07-09-43-37,gpt-4.1-mini,oneshot,0,6
Session-2025-07-07-09-43-37,gpt-4.1-mini,oneshot,0,3
Session-2025-07-07-09-43-37,gpt-4.1-mini,oneshot,0,2
Session-2025-07-07-09-47-32,claude-sonnet-4-20250514,oneshot,0,6
Session-2025-07-07-09-47-32,claude-sonnet-4-20250514,oneshot,0,5
Session-2025-07-07-09-47-32,claude-sonnet-4-20250514,oneshot,0,7
Session-2025-07-07-09-47-32,claude-sonnet-4-20250514,oneshot,0,5
Session-2025-07-07-09-47-32,claude-sonnet-4-20250514,oneshot,0,6
Session-2025-07-07-09-47-32,claude-sonnet-4-20250514,oneshot,0,7
Session-2025-07-07-09-47-32,claude-sonnet-4-20250514,oneshot,0,5
Session-2025-07-07-09-47-32,claude-sonnet-4-20250514,oneshot,0,5
Session-2025-07-07-09-47-32,claude-sonnet-4-20250514,oneshot,0,6
Session-2025-07-07-09-47-32,claude-sonnet-4-20250514,oneshot,0,5
Session-2025-07-07-09-47-32,claude-sonnet-4-20250514,oneshot,0,5
Session-2025-07-07-09-47-32,claude-sonnet-4-20250514,oneshot,0,7
Session-2025-07-07-09-47-32,claude-sonnet-4-20250514,oneshot,0,3
Session-2025-07-07-09-47-32,claude-sonnet-4-20250514,oneshot,0,6
Session-2025-07-07-09-47-32,claude-sonnet-4-20250514,oneshot,0,3
Session-2025-07-07-09-47-32,claude-sonnet-4-20250514,oneshot,0,5
Session-2025-07-07-09-47-32,claude-sonnet-4-20250514,oneshot,0,6
Session-2025-07-07-09-47-32,claude-sonnet-4-20250514,oneshot,0,6
Session-2025-07-07-09-47-32,claude-sonnet-4-20250514,oneshot,0,5
Session-2025-07-07-09-47-32,claude-sonnet-4-20250514,oneshot,0,6
Session-2025-07-07-09-47-32,claude-sonnet-4-20250514,oneshot,0,4
Session-2025-07-07-09-47-32,claude-sonnet-4-20250514,oneshot,0,3
Session-2025-07-07-09-47-32,claude-sonnet-4-20250514,oneshot,0,15
Session-2025-07-07-09-47-32,claude-sonnet-4-20250514,oneshot,0,5
Session-2025-07-07-09-47-32,claude-sonnet-4-20250514,oneshot,0,6
Session-2025-07-07-09-47-32,claude-sonnet-4-20250514,oneshot,0,6
Session-2025-07-07-09-47-32,claude-sonnet-4-20250514,oneshot,0,16
Session-2025-07-07-09-47-32,claude-sonnet-4-20250514,oneshot,0,4
Session-2025-07-07-09-47-32,claude-sonnet-4-20250514,oneshot,0,4
Session-2025-07-07-09-57-01,claude-sonnet-4-20250514,oneshot,1,9
Session-2025-07-07-09-57-01,claude-sonnet-4-20250514,oneshot,1,8
Session-2025-07-07-09-57-01,claude-sonnet-4-20250514,oneshot,1,5
Session-2025-07-07-09-57-01,claude-sonnet-4-20250514,oneshot,1,7
Session-2025-07-07-09-57-01,claude-sonnet-4-20250514,oneshot,1,7
Session-2025-07-07-09-57-01,claude-sonnet-4-20250514,oneshot,1,11
Session-2025-07-07-09-57-01,claude-sonnet-4-20250514,oneshot,1,8
Session-2025-07-07-09-57-01,claude-sonnet-4-20250514,oneshot,1,7
Session-2025-07-07-09-57-01,claude-sonnet-4-20250514,oneshot,1,8
Session-2025-07-07-09-57-01,claude-sonnet-4-20250514,oneshot,1,9
Session-2025-07-07-09-57-01,claude-sonnet-4-20250514,oneshot,1,6
Session-2025-07-07-09-57-01,claude-sonnet-4-20250514,oneshot,1,8
Session-2025-07-07-09-57-01,claude-sonnet-4-20250514,oneshot,1,6
Session-2025-07-07-09-57-01,claude-sonnet-4-20250514,oneshot,1,9
Session-2025-07-07-09-57-01,claude-sonnet-4-20250514,oneshot,1,6
Session-2025-07-07-09-57-01,claude-sonnet-4-20250514,oneshot,1,7
Session-2025-07-07-09-57-01,claude-sonnet-4-20250514,oneshot,1,9
Session-2025-07-07-09-57-01,claude-sonnet-4-20250514,oneshot,1,7
Session-2025-07-07-09-57-01,claude-sonnet-4-20250514,oneshot,1,9
Session-2025-07-07-09-57-01,claude-sonnet-4-20250514,oneshot,1,8
Session-2025-07-07-09-57-01,claude-sonnet-4-20250514,oneshot,1,8
Session-2025-07-07-09-57-01,claude-sonnet-4-20250514,oneshot,1,6
Session-2025-07-07-09-57-01,claude-sonnet-4-20250514,oneshot,1,9
Session-2025-07-07-09-57-01,claude-sonnet-4-20250514,oneshot,1,6
Session-2025-07-07-09-57-01,claude-sonnet-4-20250514,oneshot,1,8
Session-2025-07-07-09-57-01,claude-sonnet-4-20250514,oneshot,1,7
Session-2025-07-07-09-57-01,claude-sonnet-4-20250514,oneshot,1,7
Session-2025-07-07-09-57-01,claude-sonnet-4-20250514,oneshot,1,7
Session-2025-07-07-09-57-01,claude-sonnet-4-20250514,oneshot,1,5
Session-2025-07-07-10-06-22,gpt-4.1-mini,oneshot,1,9
Session-2025-07-07-10-06-22,gpt-4.1-mini,oneshot,1,8
Session-2025-07-07-10-06-22,gpt-4.1-mini,oneshot,1,3
Session-2025-07-07-10-06-22,gpt-4.1-mini,oneshot,1,8
Session-2025-07-07-10-06-22,gpt-4.1-mini,oneshot,1,7
Session-2025-07-07-10-06-22,gpt-4.1-mini,oneshot,1,6
Session-2025-07-07-10-06-22,gpt-4.1-mini,oneshot,1,7
Session-2025-07-07-10-06-22,gpt-4.1-mini,oneshot,1,8
Session-2025-07-07-10-06-22,gpt-4.1-mini,oneshot,1,8
Session-2025-07-07-10-06-22,gpt-4.1-mini,oneshot,1,9
Session-2025-07-07-10-06-22,gpt-4.1-mini,oneshot,1,5
Session-2025-07-07-10-06-22,gpt-4.1-mini,oneshot,1,5
Session-2025-07-07-10-06-22,gpt-4.1-mini,oneshot,1,5
Session-2025-07-07-10-06-22,gpt-4.1-mini,oneshot,1,12
Session-2025-07-07-10-06-22,gpt-4.1-mini,oneshot,1,4
Session-2025-07-07-10-06-22,gpt-4.1-mini,oneshot,1,4
Session-2025-07-07-10-06-22,gpt-4.1-mini,oneshot,1,5
Session-2025-07-07-10-06-22,gpt-4.1-mini,oneshot,1,6
Session-2025-07-07-10-06-22,gpt-4.1-mini,oneshot,1,8
Session-2025-07-07-10-06-22,gpt-4.1-mini,oneshot,1,8
Session-2025-07-07-10-06-22,gpt-4.1-mini,oneshot,1,8
Session-2025-07-07-10-06-22,gpt-4.1-mini,oneshot,1,3
Session-2025-07-07-10-06-22,gpt-4.1-mini,oneshot,1,5
Session-2025-07-07-10-06-22,gpt-4.1-mini,oneshot,1,5
Session-2025-07-07-10-06-22,gpt-4.1-mini,oneshot,1,7
Session-2025-07-07-10-06-22,gpt-4.1-mini,oneshot,1,8
Session-2025-07-07-10-06-22,gpt-4.1-mini,oneshot,1,6
Session-2025-07-07-10-06-22,gpt-4.1-mini,oneshot,1,4
Session-2025-07-07-10-06-22,gpt-4.1-mini,oneshot,1,5
Session-2025-07-07-10-12-33,gemini-2.5-flash,oneshot,1,11
Session-2025-07-07-10-12-33,gemini-2.5-flash,oneshot,1,11
Session-2025-07-07-10-12-33,gemini-2.5-flash,oneshot,1,4
Session-2025-07-07-10-12-33,gemini-2.5-flash,oneshot,1,18
Session-2025-07-07-10-12-33,gemini-2.5-flash,oneshot,1,23
Session-2025-07-07-10-12-33,gemini-2.5-flash,oneshot,1,9
Session-2025-07-07-10-12-33,gemini-2.5-flash,oneshot,1,8
Session-2025-07-07-10-12-33,gemini-2.5-flash,oneshot,1,8
Session-2025-07-07-10-12-33,gemini-2.5-flash,oneshot,1,8
Session-2025-07-07-10-12-33,gemini-2.5-flash,oneshot,1,13
Session-2025-07-07-10-12-33,gemini-2.5-flash,oneshot,1,8
Session-2025-07-07-10-12-33,gemini-2.5-flash,oneshot,1,7
Session-2025-07-07-10-12-33,gemini-2.5-flash,oneshot,1,6
Session-2025-07-07-10-12-33,gemini-2.5-flash,oneshot,1,17
Session-2025-07-07-10-12-33,gemini-2.5-flash,oneshot,1,9
Session-2025-07-07-10-12-33,gemini-2.5-flash,oneshot,1,20
Session-2025-07-07-10-12-33,gemini-2.5-flash,oneshot,1,10
Session-2025-07-07-10-12-33,gemini-2.5-flash,oneshot,1,15
Session-2025-07-07-10-12-33,gemini-2.5-flash,oneshot,1,11
Session-2025-07-07-10-12-33,gemini-2.5-flash,oneshot,1,10
Session-2025-07-07-10-12-33,gemini-2.5-flash,oneshot,1,11
Session-2025-07-07-10-12-33,gemini-2.5-flash,oneshot,1,4
Session-2025-07-07-10-12-33,gemini-2.5-flash,oneshot,1,6
Session-2025-07-07-10-12-33,gemini-2.5-flash,oneshot,1,18
Session-2025-07-07-10-12-33,gemini-2.5-flash,oneshot,1,15
Session-2025-07-07-10-12-33,gemini-2.5-flash,oneshot,1,17
Session-2025-07-07-10-12-33,gemini-2.5-flash,oneshot,1,22
Session-2025-07-07-10-12-33,gemini-2.5-flash,oneshot,1,5
Session-2025-07-07-10-12-33,gemini-2.5-flash,oneshot,1,3
Session-2025-07-07-10-18-54,gemini-2.5-flash,fewshot,0,12
Session-2025-07-07-10-18-54,gemini-2.5-flash,fewshot,0,15
Session-2025-07-07-10-18-54,gemini-2.5-flash,fewshot,0,4
Session-2025-07-07-10-18-54,gemini-2.5-flash,fewshot,0,10
Session-2025-07-07-10-18-54,gemini-2.5-flash,fewshot,0,15
Session-2025-07-07-10-18-54,gemini-2.5-flash,fewshot,0,12
Session-2025-07-07-10-18-54,gemini-2.5-flash,fewshot,0,11
Session-2025-07-07-10-18-54,gemini-2.5-flash,fewshot,0,9
Session-2025-07-07-10-18-54,gemini-2.5-flash,fewshot,0,8
Session-2025-07-07-10-18-54,gemini-2.5-flash,fewshot,0,26
Session-2025-07-07-10-18-54,gemini-2.5-flash,fewshot,0,8
Session-2025-07-07-10-18-54,gemini-2.5-flash,fewshot,0,10
Session-2025-07-07-10-18-54,gemini-2.5-flash,fewshot,0,5
Session-2025-07-07-10-18-54,gemini-2.5-flash,fewshot,0,10
Session-2025-07-07-10-18-54,gemini-2.5-flash,fewshot,0,8
Session-2025-07-07-10-18-54,gemini-2.5-flash,fewshot,0,28
Session-2025-07-07-10-18-54,gemini-2.5-flash,fewshot,0,15
Session-2025-07-07-10-18-54,gemini-2.5-flash,fewshot,0,22
Session-2025-07-07-10-18-54,gemini-2.5-flash,fewshot,0,10
Session-2025-07-07-10-18-54,gemini-2.5-flash,fewshot,0,17
Session-2025-07-07-10-18-54,gemini-2.5-flash,fewshot,0,17
Session-2025-07-07-10-18-54,gemini-2.5-flash,fewshot,0,6
Session-2025-07-07-10-18-54,gemini-2.5-flash,fewshot,0,12
Session-2025-07-07-10-18-54,gemini-2.5-flash,fewshot,0,11
Session-2025-07-07-10-18-54,gemini-2.5-flash,fewshot,0,11
Session-2025-07-07-10-18-54,gemini-2.5-flash,fewshot,0,15
Session-2025-07-07-10-18-54,gemini-2.5-flash,fewshot,0,10
Session-2025-07-07-10-18-54,gemini-2.5-flash,fewshot,0,13
Session-2025-07-07-10-18-54,gemini-2.5-flash,fewshot,0,10
Session-2025-07-07-10-26-12,gpt-4.1-mini,fewshot,0,7
Session-2025-07-07-10-26-12,gpt-4.1-mini,fewshot,0,7
Session-2025-07-07-10-26-12,gpt-4.1-mini,fewshot,0,3
Session-2025-07-07-10-26-12,gpt-4.1-mini,fewshot,0,5
Session-2025-07-07-10-26-12,gpt-4.1-mini,fewshot,0,3
Session-2025-07-07-10-26-12,gpt-4.1-mini,fewshot,0,5
Session-2025-07-07-10-26-12,gpt-4.1-mini,fewshot,0,4
Session-2025-07-07-10-26-12,gpt-4.1-mini,fewshot,0,7
Session-2025-07-07-10-26-12,gpt-4.1-mini,fewshot,0,5
Session-2025-07-07-10-26-12,gpt-4.1-mini,fewshot,0,10
Session-2025-07-07-10-26-12,gpt-4.1-mini,fewshot,0,5
Session-2025-07-07-10-26-12,gpt-4.1-mini,fewshot,0,6
Session-2025-07-07-10-26-12,gpt-4.1-mini,fewshot,0,3
Session-2025-07-07-10-26-12,gpt-4.1-mini,fewshot,0,7
Session-2025-07-07-10-26-12,gpt-4.1-mini,fewshot,0,5
Session-2025-07-07-10-26-12,gpt-4.1-mini,fewshot,0,5
Session-2025-07-07-10-26-12,gpt-4.1-mini,fewshot,0,4
Session-2025-07-07-10-26-12,gpt-4.1-mini,fewshot,0,5
Session-2025-07-07-10-26-12,gpt-4.1-mini,fewshot,0,9
Session-2025-07-07-10-26-12,gpt-4.1-mini,fewshot,0,7
Session-2025-07-07-10-26-12,gpt-4.1-mini,fewshot,0,5
Session-2025-07-07-10-26-12,gpt-4.1-mini,fewshot,0,2
Session-2025-07-07-10-26-12,gpt-4.1-mini,fewshot,0,1
Session-2025-07-07-10-26-12,gpt-4.1-mini,fewshot,0,4
Session-2025-07-07-10-26-12,gpt-4.1-mini,fewshot,0,5
Session-2025-07-07-10-26-12,gpt-4.1-mini,fewshot,0,6
Session-2025-07-07-10-26-12,gpt-4.1-mini,fewshot,0,4
Session-2025-07-07-10-26-12,gpt-4.1-mini,fewshot,0,2
Session-2025-07-07-10-26-12,gpt-4.1-mini,fewshot,0,2
Session-2025-07-07-10-29-57,claude-sonnet-4-20250514,fewshot,0,7
Session-2025-07-07-10-29-57,claude-sonnet-4-20250514,fewshot,0,8
Session-2025-07-07-10-29-57,claude-sonnet-4-20250514,fewshot,0,5
Session-2025-07-07-10-29-57,claude-sonnet-4-20250514,fewshot,0,5
Session-2025-07-07-10-29-57,claude-sonnet-4-20250514,fewshot,0,5
Session-2025-07-07-10-29-57,claude-sonnet-4-20250514,fewshot,0,6
Session-2025-07-07-10-29-57,claude-sonnet-4-20250514,fewshot,0,5
Session-2025-07-07-10-29-57,claude-sonnet-4-20250514,fewshot,0,6
Session-2025-07-07-10-29-57,claude-sonnet-4-20250514,fewshot,0,22
Session-2025-07-07-10-29-57,claude-sonnet-4-20250514,fewshot,0,6
Session-2025-07-07-10-29-57,claude-sonnet-4-20250514,fewshot,0,4
Session-2025-07-07-10-29-57,claude-sonnet-4-20250514,fewshot,0,29
Session-2025-07-07-10-29-57,claude-sonnet-4-20250514,fewshot,0,6
Session-2025-07-07-10-29-57,claude-sonnet-4-20250514,fewshot,0,7
Session-2025-07-07-10-29-57,claude-sonnet-4-20250514,fewshot,0,21
Session-2025-07-07-10-29-57,claude-sonnet-4-20250514,fewshot,0,6
Session-2025-07-07-10-29-57,claude-sonnet-4-20250514,fewshot,0,20
Session-2025-07-07-10-29-57,claude-sonnet-4-20250514,fewshot,0,7
Session-2025-07-07-10-29-57,claude-sonnet-4-20250514,fewshot,0,6
Session-2025-07-07-10-29-57,claude-sonnet-4-20250514,fewshot,0,25
Session-2025-07-07-10-29-57,claude-sonnet-4-20250514,fewshot,0,6
Session-2025-07-07-10-29-57,claude-sonnet-4-20250514,fewshot,0,4
Session-2025-07-07-10-29-57,claude-sonnet-4-20250514,fewshot,0,27
Session-2025-07-07-10-29-57,claude-sonnet-4-20250514,fewshot,0,4
Session-2025-07-07-10-29-57,claude-sonnet-4-20250514,fewshot,0,22
Session-2025-07-07-10-29-57,claude-sonnet-4-20250514,fewshot,0,9
Session-2025-07-07-10-29-57,claude-sonnet-4-20250514,fewshot,0,4
Session-2025-07-07-10-29-57,claude-sonnet-4-20250514,fewshot,0,24
Session-2025-07-07-10-29-57,claude-sonnet-4-20250514,fewshot,0,3
Session-2025-07-07-10-35-31,claude-sonnet-4-20250514,fewshot,1,10
Session-2025-07-07-10-35-31,claude-sonnet-4-20250514,fewshot,1,6
Session-2025-07-07-10-35-31,claude-sonnet-4-20250514,fewshot,1,29
Session-2025-07-07-10-35-31,claude-sonnet-4-20250514,fewshot,1,9
Session-2025-07-07-10-35-31,claude-sonnet-4-20250514,fewshot,1,7
Session-2025-07-07-10-35-31,claude-sonnet-4-20250514,fewshot,1,29
Session-2025-07-07-10-35-31,claude-sonnet-4-20250514,fewshot,1,7
Session-2025-07-07-10-35-31,claude-sonnet-4-20250514,fewshot,1,7
Session-2025-07-07-10-35-31,claude-sonnet-4-20250514,fewshot,1,28
Session-2025-07-07-10-35-31,claude-sonnet-4-20250514,fewshot,1,9
Session-2025-07-07-10-35-31,claude-sonnet-4-20250514,fewshot,1,8
Session-2025-07-07-10-35-31,claude-sonnet-4-20250514,fewshot,1,27
Session-2025-07-07-10-35-31,claude-sonnet-4-20250514,fewshot,1,6
Session-2025-07-07-10-35-31,claude-sonnet-4-20250514,fewshot,1,8
Session-2025-07-07-10-35-31,claude-sonnet-4-20250514,fewshot,1,30
Session-2025-07-07-10-35-31,claude-sonnet-4-20250514,fewshot,1,7
Session-2025-07-07-10-35-31,claude-sonnet-4-20250514,fewshot,1,9
Session-2025-07-07-10-35-31,claude-sonnet-4-20250514,fewshot,1,25
Session-2025-07-07-10-35-31,claude-sonnet-4-20250514,fewshot,1,7
Session-2025-07-07-10-35-31,claude-sonnet-4-20250514,fewshot,1,7
Session-2025-07-07-10-35-31,claude-sonnet-4-20250514,fewshot,1,29
Session-2025-07-07-10-35-31,claude-sonnet-4-20250514,fewshot,1,7
Session-2025-07-07-10-35-31,claude-sonnet-4-20250514,fewshot,1,8
Session-2025-07-07-10-35-31,claude-sonnet-4-20250514,fewshot,1,30
Session-2025-07-07-10-35-31,claude-sonnet-4-20250514,fewshot,1,9
Session-2025-07-07-10-35-31,claude-sonnet-4-20250514,fewshot,1,8
Session-2025-07-07-10-35-31,claude-sonnet-4-20250514,fewshot,1,27
Session-2025-07-07-10-35-31,claude-sonnet-4-20250514,fewshot,1,9
Session-2025-07-07-10-35-31,claude-sonnet-4-20250514,fewshot,1,8
Session-2025-07-07-10-43-57,gpt-4.1-mini,fewshot,1,9
Session-2025-07-07-10-43-57,gpt-4.1-mini,fewshot,1,7
Session-2025-07-07-10-43-57,gpt-4.1-mini,fewshot,1,4
Session-2025-07-07-10-43-57,gpt-4.1-mini,fewshot,1,5
Session-2025-07-07-10-43-57,gpt-4.1-mini,fewshot,1,7
Session-2025-07-07-10-43-57,gpt-4.1-mini,fewshot,1,7
Session-2025-07-07-10-43-57,gpt-4.1-mini,fewshot,1,6
Session-2025-07-07-10-43-57,gpt-4.1-mini,fewshot,1,7
Session-2025-07-07-10-43-57,gpt-4.1-mini,fewshot,1,9
Session-2025-07-07-10-43-57,gpt-4.1-mini,fewshot,1,10
Session-2025-07-07-10-43-57,gpt-4.1-mini,fewshot,1,8
Session-2025-07-07-10-43-57,gpt-4.1-mini,fewshot,1,5
Session-2025-07-07-10-43-57,gpt-4.1-mini,fewshot,1,4
Session-2025-07-07-10-43-57,gpt-4.1-mini,fewshot,1,7
Session-2025-07-07-10-43-57,gpt-4.1-mini,fewshot,1,4
Session-2025-07-07-10-43-57,gpt-4.1-mini,fewshot,1,7
Session-2025-07-07-10-43-57,gpt-4.1-mini,fewshot,1,6
Session-2025-07-07-10-43-57,gpt-4.1-mini,fewshot,1,7
Session-2025-07-07-10-43-57,gpt-4.1-mini,fewshot,1,12
Session-2025-07-07-10-43-57,gpt-4.1-mini,fewshot,1,6
Session-2025-07-07-10-43-57,gpt-4.1-mini,fewshot,1,7
Session-2025-07-07-10-43-57,gpt-4.1-mini,fewshot,1,3
Session-2025-07-07-10-43-57,gpt-4.1-mini,fewshot,1,5
Session-2025-07-07-10-43-57,gpt-4.1-mini,fewshot,1,5
Session-2025-07-07-10-43-57,gpt-4.1-mini,fewshot,1,6
Session-2025-07-07-10-43-57,gpt-4.1-mini,fewshot,1,8
Session-2025-07-07-10-43-57,gpt-4.1-mini,fewshot,1,7
Session-2025-07-07-10-43-57,gpt-4.1-mini,fewshot,1,4
Session-2025-07-07-10-43-57,gpt-4.1-mini,fewshot,1,5
Session-2025-07-07-10-47-33,gemini-2.5-flash,fewshot,1,12
Session-2025-07-07-10-47-33,gemini-2.5-flash,fewshot,1,16
Session-2025-07-07-10-47-33,gemini-2.5-flash,fewshot,1,6
Session-2025-07-07-10-47-33,gemini-2.5-flash,fewshot,1,14
Session-2025-07-07-10-47-33,gemini-2.5-flash,fewshot,1,15
Session-2025-07-07-10-47-33,gemini-2.5-flash,fewshot,1,14
Session-2025-07-07-10-47-33,gemini-2.5-flash,fewshot,1,9
Session-2025-07-07-10-47-33,gemini-2.5-flash,fewshot,1,20
Session-2025-07-07-10-47-33,gemini-2.5-flash,fewshot,1,7
Session-2025-07-07-10-47-33,gemini-2.5-flash,fewshot,1,25
Session-2025-07-07-10-47-33,gemini-2.5-flash,fewshot,1,10
Session-2025-07-07-10-47-33,gemini-2.5-flash,fewshot,1,8
Session-2025-07-07-10-47-33,gemini-2.5-flash,fewshot,1,5
Session-2025-07-07-10-47-33,gemini-2.5-flash,fewshot,1,9
Session-2025-07-07-10-47-33,gemini-2.5-flash,fewshot,1,5
Session-2025-07-07-10-47-33,gemini-2.5-flash,fewshot,1,21
Session-2025-07-07-10-47-33,gemini-2.5-flash,fewshot,1,7
Session-2025-07-07-10-47-33,gemini-2.5-flash,fewshot,1,13
Session-2025-07-07-10-47-33,gemini-2.5-flash,fewshot,1,11
Session-2025-07-07-10-47-33,gemini-2.5-flash,fewshot,1,22
Session-2025-07-07-10-47-33,gemini-2.5-flash,fewshot,1,13
Session-2025-07-07-10-47-33,gemini-2.5-flash,fewshot,1,4
Session-2025-07-07-10-47-33,gemini-2.5-flash,fewshot,1,6
Session-2025-07-07-10-47-33,gemini-2.5-flash,fewshot,1,16
Session-2025-07-07-10-47-33,gemini-2.5-flash,fewshot,1,13
Session-2025-07-07-10-47-33,gemini-2.5-flash,fewshot,1,11
Session-2025-07-07-10-47-33,gemini-2.5-flash,fewshot,1,12
Session-2025-07-07-10-47-33,gemini-2.5-flash,fewshot,1,5
Session-2025-07-07-10-47-33,gemini-2.5-flash,fewshot,1,5
Session-2025-07-13-10-33-39,gemma-3-4b-it,zeroshot,0,3
Session-2025-07-13-10-33-39,gemma-3-4b-it,zeroshot,0,2
Session-2025-07-13-10-33-39,gemma-3-4b-it,zeroshot,0,4
Session-2025-07-13-10-33-39,gemma-3-4b-it,zeroshot,0,3
Session-2025-07-13-10-33-39,gemma-3-4b-it,zeroshot,0,2
Session-2025-07-13-10-33-39,gemma-3-4b-it,zeroshot,0,3
Session-2025-07-13-10-33-39,gemma-3-4b-it,zeroshot,0,3
Session-2025-07-13-10-33-39,gemma-3-4b-it,zeroshot,0,3
Session-2025-07-13-10-33-39,gemma-3-4b-it,zeroshot,0,3
Session-2025-07-13-10-33-39,gemma-3-4b-it,zeroshot,0,3
Session-2025-07-13-10-33-39,gemma-3-4b-it,zeroshot,0,3
Session-2025-07-13-10-33-39,gemma-3-4b-it,zeroshot,0,3
Session-2025-07-13-10-33-39,gemma-3-4b-it,zeroshot,0,2
Session-2025-07-13-10-33-39,gemma-3-4b-it,zeroshot,0,3
Session-2025-07-13-10-33-39,gemma-3-4b-it,zeroshot,0,2
Session-2025-07-13-10-33-39,gemma-3-4b-it,zeroshot,0,3
Session-2025-07-13-10-33-39,gemma-3-4b-it,zeroshot,0,3
Session-2025-07-13-10-33-39,gemma-3-4b-it,zeroshot,0,3
Session-2025-07-13-10-33-39,gemma-3-4b-it,zeroshot,0,2
Session-2025-07-13-10-33-39,gemma-3-4b-it,zeroshot,0,4
Session-2025-07-13-10-33-39,gemma-3-4b-it,zeroshot,0,3
Session-2025-07-13-10-33-39,gemma-3-4b-it,zeroshot,0,3
Session-2025-07-13-10-33-39,gemma-3-4b-it,zeroshot,0,3
Session-2025-07-13-10-33-39,gemma-3-4b-it,zeroshot,0,2
Session-2025-07-13-10-33-39,gemma-3-4b-it,zeroshot,0,3
Session-2025-07-13-10-33-39,gemma-3-4b-it,zeroshot,0,2
Session-2025-07-13-10-33-39,gemma-3-4b-it,zeroshot,0,3
Session-2025-07-13-10-33-39,gemma-3-4b-it,zeroshot,0,3
Session-2025-07-13-10-33-39,gemma-3-4b-it,zeroshot,0,3
Session-2025-07-13-10-33-39,gemma-3-4b-it,zeroshot,0,4
Session-2025-07-13-10-33-39,gemma-3-4b-it,zeroshot,0,4
Session-2025-07-13-10-33-39,gemma-3-4b-it,zeroshot,0,2
Session-2025-07-13-10-33-39,gemma-3-4b-it,zeroshot,0,4
Session-2025-07-13-10-33-39,gemma-3-4b-it,zeroshot,0,3
Session-2025-07-13-10-33-39,gemma-3-4b-it,zeroshot,0,3
Session-2025-07-13-10-33-39,gemma-3-4b-it,zeroshot,0,4
Session-2025-07-13-10-33-39,gemma-3-4b-it,zeroshot,0,2
Session-2025-07-13-10-33-39,gemma-3-4b-it,zeroshot,0,3
Session-2025-07-13-10-33-39,gemma-3-4b-it,zeroshot,0,2
Session-2025-07-13-10-33-39,gemma-3-4b-it,zeroshot,0,3
Session-2025-07-13-10-33-39,gemma-3-4b-it,zeroshot,0,4
Session-2025-07-13-10-33-39,gemma-3-4b-it,zeroshot,0,2
Session-2025-07-13-10-33-39,gemma-3-4b-it,zeroshot,0,3
Session-2025-07-13-10-33-39,gemma-3-4b-it,zeroshot,0,2
Session-2025-07-13-10-33-39,gemma-3-4b-it,zeroshot,0,3
Session-2025-07-13-10-33-39,gemma-3-4b-it,zeroshot,0,2
Session-2025-07-13-10-33-39,gemma-3-4b-it,zeroshot,0,3
Session-2025-07-13-10-33-39,gemma-3-4b-it,zeroshot,0,3
Session-2025-07-13-10-33-39,gemma-3-4b-it,zeroshot,0,2
Session-2025-07-13-10-49-00,gemma-3-4b-it,zeroshot,1,3
Session-2025-07-13-10-49-00,gemma-3-4b-it,zeroshot,1,4
Session-2025-07-13-10-49-00,gemma-3-4b-it,zeroshot,1,5
Session-2025-07-13-10-49-00,gemma-3-4b-it,zeroshot,1,3
Session-2025-07-13-10-49-00,gemma-3-4b-it,zeroshot,1,3
Session-2025-07-13-10-49-00,gemma-3-4b-it,zeroshot,1,4
Session-2025-07-13-10-49-00,gemma-3-4b-it,zeroshot,1,4
Session-2025-07-13-10-49-00,gemma-3-4b-it,zeroshot,1,2
Session-2025-07-13-10-49-00,gemma-3-4b-it,zeroshot,1,4
Session-2025-07-13-10-49-00,gemma-3-4b-it,zeroshot,1,5
Session-2025-07-13-10-49-00,gemma-3-4b-it,zeroshot,1,4
Session-2025-07-13-10-49-00,gemma-3-4b-it,zeroshot,1,3
Session-2025-07-13-10-49-00,gemma-3-4b-it,zeroshot,1,4
Session-2025-07-13-10-49-00,gemma-3-4b-it,zeroshot,1,4
Session-2025-07-13-10-49-00,gemma-3-4b-it,zeroshot,1,3
Session-2025-07-13-10-49-00,gemma-3-4b-it,zeroshot,1,5
Session-2025-07-13-10-49-00,gemma-3-4b-it,zeroshot,1,3
Session-2025-07-13-10-49-00,gemma-3-4b-it,zeroshot,1,4
Session-2025-07-13-10-49-00,gemma-3-4b-it,zeroshot,1,5
Session-2025-07-13-10-49-00,gemma-3-4b-it,zeroshot,1,4
Session-2025-07-13-10-49-00,gemma-3-4b-it,zeroshot,1,3
Session-2025-07-13-10-49-00,gemma-3-4b-it,zeroshot,1,3
Session-2025-07-13-10-49-00,gemma-3-4b-it,zeroshot,1,4
Session-2025-07-13-10-49-00,gemma-3-4b-it,zeroshot,1,3
Session-2025-07-13-10-49-00,gemma-3-4b-it,zeroshot,1,4
Session-2025-07-13-10-49-00,gemma-3-4b-it,zeroshot,1,3
Session-2025-07-13-10-49-00,gemma-3-4b-it,zeroshot,1,4
Session-2025-07-13-10-49-00,gemma-3-4b-it,zeroshot,1,3
Session-2025-07-13-10-49-00,gemma-3-4b-it,zeroshot,1,4
Session-2025-07-13-10-49-00,gemma-3-4b-it,zeroshot,1,4
Session-2025-07-13-10-49-00,gemma-3-4b-it,zeroshot,1,4
Session-2025-07-13-10-49-00,gemma-3-4b-it,zeroshot,1,4
Session-2025-07-13-10-49-00,gemma-3-4b-it,zeroshot,1,4
Session-2025-07-13-10-49-00,gemma-3-4b-it,zeroshot,1,4
Session-2025-07-13-10-49-00,gemma-3-4b-it,zeroshot,1,4
Session-2025-07-13-10-49-00,gemma-3-4b-it,zeroshot,1,3
Session-2025-07-13-10-49-00,gemma-3-4b-it,zeroshot,1,3
Session-2025-07-13-10-49-00,gemma-3-4b-it,zeroshot,1,3
Session-2025-07-13-10-49-00,gemma-3-4b-it,zeroshot,1,3
Session-2025-07-13-10-49-00,gemma-3-4b-it,zeroshot,1,4
Session-2025-07-13-10-49-00,gemma-3-4b-it,zeroshot,1,5
Session-2025-07-13-10-49-00,gemma-3-4b-it,zeroshot,1,5
Session-2025-07-13-10-49-00,gemma-3-4b-it,zeroshot,1,3
Session-2025-07-13-10-49-00,gemma-3-4b-it,zeroshot,1,4
Session-2025-07-13-10-49-00,gemma-3-4b-it,zeroshot,1,5
Session-2025-07-13-10-49-00,gemma-3-4b-it,zeroshot,1,3
Session-2025-07-13-10-49-00,gemma-3-4b-it,zeroshot,1,2
Session-2025-07-13-10-49-00,gemma-3-4b-it,zeroshot,1,4
Session-2025-07-13-10-49-00,gemma-3-4b-it,zeroshot,1,3
Session-2025-07-13-11-00-52,gemma-3-4b-it,oneshot,0,3
Session-2025-07-13-11-00-52,gemma-3-4b-it,oneshot,0,3
Session-2025-07-13-11-00-52,gemma-3-4b-it,oneshot,0,4
Session-2025-07-13-11-00-52,gemma-3-4b-it,oneshot,0,3
Session-2025-07-13-11-00-52,gemma-3-4b-it,oneshot,0,3
Session-2025-07-13-11-00-52,gemma-3-4b-it,oneshot,0,3
Session-2025-07-13-11-00-52,gemma-3-4b-it,oneshot,0,3
Session-2025-07-13-11-00-52,gemma-3-4b-it,oneshot,0,2
Session-2025-07-13-11-00-52,gemma-3-4b-it,oneshot,0,2
Session-2025-07-13-11-00-52,gemma-3-4b-it,oneshot,0,4
Session-2025-07-13-11-00-52,gemma-3-4b-it,oneshot,0,3
Session-2025-07-13-11-00-52,gemma-3-4b-it,oneshot,0,3
Session-2025-07-13-11-00-52,gemma-3-4b-it,oneshot,0,2
Session-2025-07-13-11-00-52,gemma-3-4b-it,oneshot,0,3
Session-2025-07-13-11-00-52,gemma-3-4b-it,oneshot,0,3
Session-2025-07-13-11-00-52,gemma-3-4b-it,oneshot,0,2
Session-2025-07-13-11-00-52,gemma-3-4b-it,oneshot,0,3
Session-2025-07-13-11-00-52,gemma-3-4b-it,oneshot,0,3
Session-2025-07-13-11-00-52,gemma-3-4b-it,oneshot,0,3
Session-2025-07-13-11-00-52,gemma-3-4b-it,oneshot,0,3
Session-2025-07-13-11-00-52,gemma-3-4b-it,oneshot,0,4
Session-2025-07-13-11-00-52,gemma-3-4b-it,oneshot,0,4
Session-2025-07-13-11-00-52,gemma-3-4b-it,oneshot,0,3
Session-2025-07-13-11-00-52,gemma-3-4b-it,oneshot,0,2
Session-2025-07-13-11-00-52,gemma-3-4b-it,oneshot,0,3
Session-2025-07-13-11-00-52,gemma-3-4b-it,oneshot,0,2
Session-2025-07-13-11-00-52,gemma-3-4b-it,oneshot,0,4
Session-2025-07-13-11-00-52,gemma-3-4b-it,oneshot,0,3
Session-2025-07-13-11-00-52,gemma-3-4b-it,oneshot,0,3
Session-2025-07-13-11-00-52,gemma-3-4b-it,oneshot,0,4
Session-2025-07-13-11-00-52,gemma-3-4b-it,oneshot,0,2
Session-2025-07-13-11-00-52,gemma-3-4b-it,oneshot,0,3
Session-2025-07-13-11-00-52,gemma-3-4b-it,oneshot,0,3
Session-2025-07-13-11-00-52,gemma-3-4b-it,oneshot,0,3
Session-2025-07-13-11-00-52,gemma-3-4b-it,oneshot,0,3
Session-2025-07-13-11-00-52,gemma-3-4b-it,oneshot,0,4
Session-2025-07-13-11-00-52,gemma-3-4b-it,oneshot,0,3
Session-2025-07-13-11-00-52,gemma-3-4b-it,oneshot,0,2
Session-2025-07-13-11-00-52,gemma-3-4b-it,oneshot,0,3
Session-2025-07-13-11-00-52,gemma-3-4b-it,oneshot,0,3
Session-2025-07-13-11-00-52,gemma-3-4b-it,oneshot,0,4
Session-2025-07-13-11-00-52,gemma-3-4b-it,oneshot,0,3
Session-2025-07-13-11-00-52,gemma-3-4b-it,oneshot,0,3
Session-2025-07-13-11-00-52,gemma-3-4b-it,oneshot,0,4
Session-2025-07-13-11-00-52,gemma-3-4b-it,oneshot,0,3
Session-2025-07-13-11-00-52,gemma-3-4b-it,oneshot,0,2
Session-2025-07-13-11-00-52,gemma-3-4b-it,oneshot,0,3
Session-2025-07-13-11-00-52,gemma-3-4b-it,oneshot,0,2
Session-2025-07-13-11-00-52,gemma-3-4b-it,oneshot,0,3
Session-2025-07-13-11-12-12,gemma-3-4b-it,oneshot,1,3
Session-2025-07-13-11-12-12,gemma-3-4b-it,oneshot,1,4
Session-2025-07-13-11-12-12,gemma-3-4b-it,oneshot,1,4
Session-2025-07-13-11-12-12,gemma-3-4b-it,oneshot,1,3
Session-2025-07-13-11-12-12,gemma-3-4b-it,oneshot,1,3
Session-2025-07-13-11-12-12,gemma-3-4b-it,oneshot,1,4
Session-2025-07-13-11-12-12,gemma-3-4b-it,oneshot,1,3
Session-2025-07-13-11-12-12,gemma-3-4b-it,oneshot,1,4
Session-2025-07-13-11-12-12,gemma-3-4b-it,oneshot,1,3
Session-2025-07-13-11-12-12,gemma-3-4b-it,oneshot,1,4
Session-2025-07-13-11-12-12,gemma-3-4b-it,oneshot,1,3
Session-2025-07-13-11-12-12,gemma-3-4b-it,oneshot,1,4
Session-2025-07-13-11-12-12,gemma-3-4b-it,oneshot,1,4
Session-2025-07-13-11-12-12,gemma-3-4b-it,oneshot,1,4
Session-2025-07-13-11-12-12,gemma-3-4b-it,oneshot,1,3
Session-2025-07-13-11-12-12,gemma-3-4b-it,oneshot,1,4
Session-2025-07-13-11-12-12,gemma-3-4b-it,oneshot,1,2
Session-2025-07-13-11-12-12,gemma-3-4b-it,oneshot,1,4
Session-2025-07-13-11-12-12,gemma-3-4b-it,oneshot,1,3
Session-2025-07-13-11-12-12,gemma-3-4b-it,oneshot,1,4
Session-2025-07-13-11-12-12,gemma-3-4b-it,oneshot,1,4
Session-2025-07-13-11-12-12,gemma-3-4b-it,oneshot,1,3
Session-2025-07-13-11-12-12,gemma-3-4b-it,oneshot,1,4
Session-2025-07-13-11-12-12,gemma-3-4b-it,oneshot,1,3
Session-2025-07-13-11-12-12,gemma-3-4b-it,oneshot,1,3
Session-2025-07-13-11-12-12,gemma-3-4b-it,oneshot,1,4
Session-2025-07-13-11-12-12,gemma-3-4b-it,oneshot,1,4
Session-2025-07-13-11-12-12,gemma-3-4b-it,oneshot,1,4
Session-2025-07-13-11-12-12,gemma-3-4b-it,oneshot,1,3
Session-2025-07-13-11-12-12,gemma-3-4b-it,oneshot,1,4
Session-2025-07-13-11-12-12,gemma-3-4b-it,oneshot,1,4
Session-2025-07-13-11-12-12,gemma-3-4b-it,oneshot,1,3
Session-2025-07-13-11-12-12,gemma-3-4b-it,oneshot,1,3
Session-2025-07-13-11-12-12,gemma-3-4b-it,oneshot,1,4
Session-2025-07-13-11-12-12,gemma-3-4b-it,oneshot,1,4
Session-2025-07-13-11-12-12,gemma-3-4b-it,oneshot,1,4
Session-2025-07-13-11-12-12,gemma-3-4b-it,oneshot,1,3
Session-2025-07-13-11-12-12,gemma-3-4b-it,oneshot,1,3
Session-2025-07-13-11-12-12,gemma-3-4b-it,oneshot,1,3
Session-2025-07-13-11-12-12,gemma-3-4b-it,oneshot,1,4
Session-2025-07-13-11-12-12,gemma-3-4b-it,oneshot,1,4
Session-2025-07-13-11-12-12,gemma-3-4b-it,oneshot,1,4
Session-2025-07-13-11-12-12,gemma-3-4b-it,oneshot,1,4
Session-2025-07-13-11-12-12,gemma-3-4b-it,oneshot,1,3
Session-2025-07-13-11-12-12,gemma-3-4b-it,oneshot,1,4
Session-2025-07-13-11-12-12,gemma-3-4b-it,oneshot,1,3
Session-2025-07-13-11-12-12,gemma-3-4b-it,oneshot,1,3
Session-2025-07-13-11-12-12,gemma-3-4b-it,oneshot,1,4
Session-2025-07-13-11-12-12,gemma-3-4b-it,oneshot,1,3
Session-2025-07-13-12-01-47,gemma-3-4b-it,fewshot,0,3
Session-2025-07-13-12-01-47,gemma-3-4b-it,fewshot,0,3
Session-2025-07-13-12-01-47,gemma-3-4b-it,fewshot,0,5
Session-2025-07-13-12-01-47,gemma-3-4b-it,fewshot,0,3
Session-2025-07-13-12-01-47,gemma-3-4b-it,fewshot,0,3
Session-2025-07-13-12-01-47,gemma-3-4b-it,fewshot,0,3
Session-2025-07-13-12-01-47,gemma-3-4b-it,fewshot,0,4
Session-2025-07-13-12-01-47,gemma-3-4b-it,fewshot,0,2
Session-2025-07-13-12-01-47,gemma-3-4b-it,fewshot,0,3
Session-2025-07-13-12-01-47,gemma-3-4b-it,fewshot,0,3
Session-2025-07-13-12-01-47,gemma-3-4b-it,fewshot,0,3
Session-2025-07-13-12-01-47,gemma-3-4b-it,fewshot,0,4
Session-2025-07-13-12-01-47,gemma-3-4b-it,fewshot,0,3
Session-2025-07-13-12-01-47,gemma-3-4b-it,fewshot,0,3
Session-2025-07-13-12-01-47,gemma-3-4b-it,fewshot,0,3
Session-2025-07-13-12-01-47,gemma-3-4b-it,fewshot,0,2
Session-2025-07-13-12-01-47,gemma-3-4b-it,fewshot,0,4
Session-2025-07-13-12-01-47,gemma-3-4b-it,fewshot,0,3
Session-2025-07-13-12-01-47,gemma-3-4b-it,fewshot,0,3
Session-2025-07-13-12-01-47,gemma-3-4b-it,fewshot,0,4
Session-2025-07-13-12-01-47,gemma-3-4b-it,fewshot,0,3
Session-2025-07-13-12-01-47,gemma-3-4b-it,fewshot,0,3
Session-2025-07-13-12-01-47,gemma-3-4b-it,fewshot,0,3
Session-2025-07-13-12-01-47,gemma-3-4b-it,fewshot,0,2
Session-2025-07-13-12-01-47,gemma-3-4b-it,fewshot,0,3
Session-2025-07-13-12-01-47,gemma-3-4b-it,fewshot,0,3
Session-2025-07-13-12-01-47,gemma-3-4b-it,fewshot,0,4
Session-2025-07-13-12-01-47,gemma-3-4b-it,fewshot,0,3
Session-2025-07-13-12-01-47,gemma-3-4b-it,fewshot,0,3
Session-2025-07-13-12-01-47,gemma-3-4b-it,fewshot,0,3
Session-2025-07-13-12-01-47,gemma-3-4b-it,fewshot,0,3
Session-2025-07-13-12-01-47,gemma-3-4b-it,fewshot,0,3
Session-2025-07-13-12-01-47,gemma-3-4b-it,fewshot,0,3
Session-2025-07-13-12-01-47,gemma-3-4b-it,fewshot,0,3
Session-2025-07-13-12-01-47,gemma-3-4b-it,fewshot,0,4
Session-2025-07-13-12-01-47,gemma-3-4b-it,fewshot,0,4
Session-2025-07-13-12-01-47,gemma-3-4b-it,fewshot,0,2
Session-2025-07-13-12-01-47,gemma-3-4b-it,fewshot,0,3
Session-2025-07-13-12-01-47,gemma-3-4b-it,fewshot,0,3
Session-2025-07-13-12-01-47,gemma-3-4b-it,fewshot,0,3
Session-2025-07-13-12-01-47,gemma-3-4b-it,fewshot,0,4
Session-2025-07-13-12-01-47,gemma-3-4b-it,fewshot,0,4
Session-2025-07-13-12-01-47,gemma-3-4b-it,fewshot,0,4
Session-2025-07-13-12-01-47,gemma-3-4b-it,fewshot,0,3
Session-2025-07-13-12-01-47,gemma-3-4b-it,fewshot,0,2
Session-2025-07-13-12-01-47,gemma-3-4b-it,fewshot,0,2
Session-2025-07-13-12-01-47,gemma-3-4b-it,fewshot,0,3
Session-2025-07-13-12-01-47,gemma-3-4b-it,fewshot,0,3
Session-2025-07-13-12-01-47,gemma-3-4b-it,fewshot,0,3
Session-2025-07-13-12-21-54,gemma-3-4b-it,fewshot,1,4
Session-2025-07-13-12-21-54,gemma-3-4b-it,fewshot,1,4
Session-2025-07-13-12-21-54,gemma-3-4b-it,fewshot,1,4
Session-2025-07-13-12-21-54,gemma-3-4b-it,fewshot,1,4
Session-2025-07-13-12-21-54,gemma-3-4b-it,fewshot,1,4
Session-2025-07-13-12-21-54,gemma-3-4b-it,fewshot,1,4
Session-2025-07-13-12-21-54,gemma-3-4b-it,fewshot,1,5
Session-2025-07-13-12-21-54,gemma-3-4b-it,fewshot,1,3
Session-2025-07-13-12-21-54,gemma-3-4b-it,fewshot,1,4
Session-2025-07-13-12-21-54,gemma-3-4b-it,fewshot,1,4
Session-2025-07-13-12-21-54,gemma-3-4b-it,fewshot,1,4
Session-2025-07-13-12-21-54,gemma-3-4b-it,fewshot,1,4
Session-2025-07-13-12-21-54,gemma-3-4b-it,fewshot,1,3
Session-2025-07-13-12-21-54,gemma-3-4b-it,fewshot,1,4
Session-2025-07-13-12-21-54,gemma-3-4b-it,fewshot,1,3
Session-2025-07-13-12-21-54,gemma-3-4b-it,fewshot,1,3
Session-2025-07-13-12-21-54,gemma-3-4b-it,fewshot,1,4
Session-2025-07-13-12-21-54,gemma-3-4b-it,fewshot,1,4
Session-2025-07-13-12-21-54,gemma-3-4b-it,fewshot,1,4
Session-2025-07-13-12-21-54,gemma-3-4b-it,fewshot,1,4
Session-2025-07-13-12-21-54,gemma-3-4b-it,fewshot,1,3
Session-2025-07-13-12-21-54,gemma-3-4b-it,fewshot,1,4
Session-2025-07-13-12-21-54,gemma-3-4b-it,fewshot,1,4
Session-2025-07-13-12-21-54,gemma-3-4b-it,fewshot,1,4
Session-2025-07-13-12-21-54,gemma-3-4b-it,fewshot,1,3
Session-2025-07-13-12-21-54,gemma-3-4b-it,fewshot,1,4
Session-2025-07-13-12-21-54,gemma-3-4b-it,fewshot,1,4
Session-2025-07-13-12-21-54,gemma-3-4b-it,fewshot,1,3
Session-2025-07-13-12-21-54,gemma-3-4b-it,fewshot,1,5
Session-2025-07-13-12-21-54,gemma-3-4b-it,fewshot,1,5
Session-2025-07-13-12-21-54,gemma-3-4b-it,fewshot,1,5
Session-2025-07-13-12-21-54,gemma-3-4b-it,fewshot,1,3
Session-2025-07-13-12-21-54,gemma-3-4b-it,fewshot,1,4
Session-2025-07-13-12-21-54,gemma-3-4b-it,fewshot,1,5
Session-2025-07-13-12-21-54,gemma-3-4b-it,fewshot,1,4
Session-2025-07-13-12-21-54,gemma-3-4b-it,fewshot,1,3
Session-2025-07-13-12-21-54,gemma-3-4b-it,fewshot,1,4
Session-2025-07-13-12-21-54,gemma-3-4b-it,fewshot,1,4
Session-2025-07-13-12-21-54,gemma-3-4b-it,fewshot,1,4
Session-2025-07-13-12-21-54,gemma-3-4b-it,fewshot,1,5
Session-2025-07-13-12-21-54,gemma-3-4b-it,fewshot,1,5
Session-2025-07-13-12-21-54,gemma-3-4b-it,fewshot,1,4
Session-2025-07-13-12-21-54,gemma-3-4b-it,fewshot,1,4
Session-2025-07-13-12-21-54,gemma-3-4b-it,fewshot,1,3
Session-2025-07-13-12-21-54,gemma-3-4b-it,fewshot,1,4
Session-2025-07-13-12-21-54,gemma-3-4b-it,fewshot,1,3
Session-2025-07-13-12-21-54,gemma-3-4b-it,fewshot,1,4
Session-2025-07-13-12-21-54,gemma-3-4b-it,fewshot,1,4
Session-2025-07-13-12-21-54,gemma-3-4b-it,fewshot,1,3
