problem_hash,input,model_name,shot_strategy,planning,procedural,judge_rationales_json,score_creative_alignment,score_instructional_precision,score_emergence,score_structural_coherence,score_programmatic_validation,score_tree_edit_distance,score_jaccard_similarity,param_nesting_complexity,param_component_complexity,description_style,description_detail
b5b0275c54040def5c9ba325de4871d02ce37477404954db2bc3c386850ab12d,a plane drops a bomb,claude-4-sonnet-20250514,oneshot,1,,"{""creative_alignment"": ""The spell captures the basic idea of a bomb being dropped, with a downward-moving projectile and an explosive impact, but misses the 'plane' aspect entirely and does not add any thematic detail beyond a generic bomb."", ""instructional_precision"": ""The response follows the implicit instruction for a bomb drop by using a projectile with downward angle and gravity, but lacks any explicit representation of a plane or aerial context, which is a notable omission."", ""emergence"": ""The implementation is competent but literal, simply translating 'bomb' into a projectile with explosion and not adding any creative or unexpected features such as a plane visual, sound, or multi-bomb drop."", ""structural_coherence"": ""The JSON is structurally valid, with correct use of components and nesting, and no logical contradictions.""}",3,3,2,5,Passed,,,,,,
24673a290836ebf912fda5e48a388a29b9edd65623ce9c8295aec9c4df7d7152,a pointy heavy carrot drops onto the enemys head and explodes.,claude-4-sonnet-20250514,oneshot,1,,"{""creative_alignment"": ""The spell captures the idea of a heavy object (the carrot) dropping and exploding, but it misses the 'pointy' and 'plant' aspects, making it feel more like a generic earth projectile than a carrot-themed attack."", ""instructional_precision"": ""It follows the basic instructions of dropping a heavy object that explodes on impact, but omits the 'plant' element and does not visually or mechanically emphasize the 'pointy' or 'carrot' nature beyond color."", ""emergence"": ""The addition of a manifestation after the explosion is a nice touch, but it is a straightforward solid and does not add any surprising carrot-specific behavior or creative flair."", ""structural_coherence"": ""The JSON is structurally valid and logically consistent, with correct nesting and use of components, though the deathTrigger after explosion is a bit redundant since manifestation should generally be the final effect.""}",3,3,3,5,Passed,,,,,,
f884fd8073da9756fa772ee39d9e48c02b849d9fc25a0d4f3c403b92fcdae1f7,A spiky cactus with sharp spines that stick onto enemys,claude-4-sonnet-20250514,oneshot,1,,"{""creative_alignment"": ""The response is completely missing, so there is no attempt to capture the 'spiky cactus with sharp spines that stick onto enemies' theme."", ""instructional_precision"": ""No instructions were followed at all, as the response is not even valid JSON."", ""emergence"": ""There is no implementation, so there is no opportunity for creative or emergent features."", ""structural_coherence"": ""The response is not valid JSON, failing the most basic structural requirement.""}",1,1,1,1,Failed,,,,,,
d3cdb93f9076443211bfca059666ee6e5bccff205bf61335dca598522c8e1487,A machine gun that knocks back any enemy it touches,claude-4-sonnet-20250514,oneshot,1,,"{""creative_alignment"": ""The spell implements a rapid-fire projectile (machine gun) but fails to explicitly represent the knockback effect on enemies, instead using an explosion which may not directly translate to knockback."", ""instructional_precision"": ""While the spell uses multiple projectiles to simulate a machine gun and includes an impact effect, it does not clearly implement a knockback mechanic as requested in the prompt."", ""emergence"": ""The spell is a competent, literal translation of a machine gun with an impact effect, but does not add any clever or unexpected features beyond the basic requirements."", ""structural_coherence"": ""The JSON is structurally valid and uses allowed components correctly, but the use of an explosion for knockback is a logical stretch rather than a structural error.""}",3,2,2,5,Passed,,,,,,
36df46d5071c903a22739aa3cca8deba1e9dfd1a3fa279b28af7036d788ef88a,a bull stampedes through the enemys and knocks them off the ledge,claude-4-sonnet-20250514,oneshot,1,,"{""creative_alignment"": ""The spell evokes the idea of a forceful charge with earth-themed visuals, but it fails to directly represent a bull or the specific action of knocking enemies off a ledge, missing the animalistic and displacement aspects of the prompt."", ""instructional_precision"": ""While the spell uses earth and a fast projectile, it does not explicitly implement a mechanic to knock enemies off ledges or ensure a stampede effect, and the inclusion of both explosion and wallCrawl in the same impactTrigger is questionable."", ""emergence"": ""The response is a competent literal translation of a charging force but lacks any clever or surprising detail, such as enemy displacement or a bull manifestation, that would elevate the concept."", ""structural_coherence"": ""The JSON is structurally valid, but the use of multiple primary class components (explosion and wallCrawl) at the same trigger level is a logical flaw according to the component rules.""}",3,2,2,3,Passed,,,,,,
8faa033f4af34f74316f04020b55ec17250c9642497729bf42f85fbbf1d858f0,a bomb that explodes and releases pink roses that have sharp thorns that hurt,claude-4-sonnet-20250514,oneshot,1,,"{""creative_alignment"": ""The spell captures the idea of a bomb that explodes and releases pink, harmful plant material, but it falls short of explicitly representing 'roses' or 'sharp thorns'\u2014the manifestation is a generic powder rather than a distinct rose or thorny object."", ""instructional_precision"": ""The script follows the main instructions by creating a bomb that explodes and releases a harmful plant substance, but it does not specifically manifest roses or thorns as requested, and uses 'powder' instead of a more fitting 'solid' or 'powder with thorns' representation."", ""emergence"": ""While the use of a deathTrigger to spawn multiple harmful plant manifestations is a nice touch, the spell does not add any clever or surprising features beyond the literal interpretation of the prompt."", ""structural_coherence"": ""The JSON is structurally valid and logically consistent with the component rules, but the use of 'deathTrigger' inside an 'impactTrigger' with 'replace: true' is slightly questionable, and the manifestation as 'powder' for roses is a minor logical stretch.""}",3,3,3,4,Passed,,,,,,
1d590e9a7198d1693e131b7aa7bcdb58f9d6131e57f0f83425833cc4f9e38939,A super powerful laser beam that zaps people a lot,claude-4-sonnet-20250514,oneshot,1,,"{""creative_alignment"": ""The response fails to capture any aspect of the 'super powerful laser beam' concept, as there is no spell script at all."", ""instructional_precision"": ""No instructions from the prompt are followed, since the response is not a valid spell script."", ""emergence"": ""There is no implementation, so there can be no creative or emergent features."", ""structural_coherence"": ""The response is not valid JSON and fails the syntactic validation, making it structurally unsound.""}",1,1,1,1,Failed,,,,,,
f3df4b931999a2764194f7883d1d1e6837842c89a15e1a8f39ac3a390f1f7c02,a pile of squirmy snakes that slither around and have venomous bites,claude-4-sonnet-20250514,oneshot,1,,"{""creative_alignment"": ""The spell uses wallCrawl to evoke slithering and poison element for venom, but it fails to manifest actual snakes or a pile, and the 'venomous bite' is abstracted as a generic explosion rather than a bite or attack."", ""instructional_precision"": ""While it captures the poison and slithering aspects, it ignores the 'pile' aspect and does not represent individual snakes or their bites in a concrete way, instead using a single explosion on impact."", ""emergence"": ""The spell is a straightforward translation of the prompt with no clever or surprising features, such as splitting into multiple snakes or leaving lingering venom."", ""structural_coherence"": ""The JSON is structurally valid and follows the component rules, but the impactTrigger's payload includes both an explosion and element/color, which is redundant but not strictly forbidden.""}",3,3,2,5,Passed,,,,,,
bcd77378a8021ee2242018ed450b94d234ea234dd40cb655e016a0b2dd22fd11,Lots of ink from a pen,claude-4-sonnet-20250514,oneshot,1,,"{""creative_alignment"": ""The spell captures the idea of a pen releasing a burst of ink by using a projectile that manifests a large area of dark liquid, but it lacks any creative nuance or detail that would make it feel especially 'inky' or pen-like beyond the color and liquid class."", ""instructional_precision"": ""The response follows the basic instruction to create a lot of ink (via a large-radius liquid manifestation with appropriate color and neutral element), but does not address any possible nuance such as the method of dispersal or any pen-specific mechanics."", ""emergence"": ""The implementation is competent but literal, simply translating 'lots of ink' into a large liquid manifestation with no additional creative features such as splatter, staining, or interaction with the environment."", ""structural_coherence"": ""The JSON is structurally valid, uses only allowed components and properties, and is logically consistent with the rules.""}",3,3,2,5,Passed,,,,,,
eb5b16dfb811ec314d33c1670d8d3f9d62d9f8f4192da4aa8fa8232084d532c9,Grow a tree and chop it down,claude-4-sonnet-20250514,oneshot,1,,"{""creative_alignment"": ""The spell captures the idea of growing a tree and then chopping it down, but the chopping action is represented by an explosion and a new manifestation rather than a clear destruction or transformation of the original tree, missing some thematic nuance."", ""instructional_precision"": ""The response implements both the growth (manifestation of a tree) and a triggered 'chop' (via buttonTrigger), but the use of explosion as the chopping mechanism is imprecise and the sequence could be more logically connected."", ""emergence"": ""While the spell includes a button-triggered event for chopping, it does not introduce any clever or unexpected features beyond the literal interpretation of the prompt."", ""structural_coherence"": ""The JSON is valid and the components are mostly used correctly, but the use of both an explosion and a manifestation in the same buttonTrigger payload is questionable, as it may not clearly represent a single logical outcome.""}",3,3,2,3,Passed,,,,,,
98a1ef1452b4cb0cd39a462879a0a1539846beebdb126763f808d8944673f7a5,A canon ball with a rainbow trail behind it,claude-4-sonnet-20250514,oneshot,1,,"{""creative_alignment"": ""The spell captures the core idea of a cannonball with a rainbow trail by using a projectile and a timerTrigger to spawn colored powder manifestations, but the trail is implemented as discrete puffs rather than a continuous effect, and the colors do not fully represent the entire rainbow spectrum (missing blue and violet)."", ""instructional_precision"": ""The response follows the main instruction for a cannonball and attempts a rainbow trail, but it misses the full set of rainbow colors and the trail is not truly continuous, which slightly diverges from the prompt's intent."", ""emergence"": ""The use of multiple manifestations to simulate a rainbow trail is a clever approach, but it does not go beyond the obvious solution or add any delightful or unexpected features."", ""structural_coherence"": ""The JSON is structurally valid, uses only allowed components and elements, and the nesting is logical and correct, though the timerTrigger's use of multiple manifestations at the same level is slightly inelegant but not technically incorrect.""}",4,4,3,5,Passed,,,,,,
a9ea22e7bb139c47ee1a90c8570a1ad079990b92ebcb2021bc7c4880cfd3f9a2,A thousand small knives,claude-4-sonnet-20250514,oneshot,1,,"{""creative_alignment"": ""The spell evokes the idea of many small knives by using a high count and small, fast projectiles, but 'a thousand' is only loosely represented by a count of 20, and the sense of overwhelming quantity is not fully realized."", ""instructional_precision"": ""While the spell uses neutral projectiles and manifests knife-like solids on impact, it falls short of the implied scale and spectacle of 'a thousand' knives, and does not include any creative mechanism to simulate such a large number."", ""emergence"": ""The implementation is competent but literal, simply multiplying a basic projectile without any clever mechanics or visual flair to enhance the 'storm' or 'swarm' aspect."", ""structural_coherence"": ""The JSON is structurally valid and logically consistent with the rules, with correct use of components and nesting.""}",3,3,2,5,Passed,,,,,,
478a936573e0e1aa0fb9b1e51af4d1ba40d4b476a9ad9670fb452e9b7a5ccbed,a torrential downpour that floods the battlefield in a ton of water,claude-4-sonnet-20250514,oneshot,1,,"{""creative_alignment"": ""The spell effectively conveys the idea of a torrential downpour flooding the battlefield by using a large AoE and repeatedly manifesting water, but it lacks any explicit rain or storm visual or thematic detail beyond the flooding effect."", ""instructional_precision"": ""The response follows the main instruction to create a widespread, water-based flooding effect, but it does not explicitly represent the 'downpour' aspect as a rain or falling water, missing a nuance of the prompt."", ""emergence"": ""The use of a looping timer to repeatedly manifest water is a competent and slightly creative way to simulate accumulating floodwater, but it does not add any surprising or delightful features beyond the basic flooding."", ""structural_coherence"": ""The JSON is structurally valid, all components are used correctly, and there are no logical contradictions or forbidden nesting.""}",4,4,3,5,Passed,,,,,,
6ea667b7617a1a8db69cecb8fe81cfea84a5dd47476149e78e2e7856c41d0d5e,A really large fireball which splits into two in mid air,claude-4-sonnet-20250514,oneshot,1,,"{""creative_alignment"": ""The spell captures the idea of a large fireball splitting into two mid-air, but lacks any visual or thematic flair to emphasize the 'really large' aspect or the drama of the split."", ""instructional_precision"": ""The spell implements a large initial projectile that splits into two after a timer, but does not explicitly ensure the split is visually dramatic or that the resulting projectiles are clearly derived from the original, and the use of two separate spawnAngles is a bit simplistic."", ""emergence"": ""While the split is implemented, there is no additional creative detail such as a burst effect, trail, or any unique behavior to make the split more interesting or visually impressive."", ""structural_coherence"": ""The JSON is valid and the structure is correct, but the repeated use of color and element components for each subprojectile is redundant, and the use of 'replace: true' in timerTrigger is not strictly necessary here but does not break logic.""}",4,4,2,4,Passed,,,,,,
441692c0d4ea7bab32729f9e662acab90124656555c8d95cd272f40cd8c2d5d8,An ice beam which freezes the opponent,claude-4-sonnet-20250514,oneshot,1,,"{""creative_alignment"": ""The spell uses an AoE with ice element and manifests solid ice to imply freezing, but it does not clearly represent a 'beam' or a direct freezing effect on a single opponent, missing the core 'beam' aspect of the prompt."", ""instructional_precision"": ""While it uses the ice element and attempts to freeze via a harmful solid manifestation, it does not implement a beam mechanic (such as a projectile or wallCrawl) and applies an AoE instead, which is not what was requested."", ""emergence"": ""The repeated manifestation of ice via timerTrigger adds a bit of dynamism, but overall the spell is a straightforward AoE freeze and does not introduce any clever or unexpected features."", ""structural_coherence"": ""The JSON is structurally valid and all components are used correctly according to the rules, but the use of 'blockpath': false for a solid class is questionable and the freezing effect is only implied, not explicit.""}",3,2,3,4,Passed,,,,,,
30f1177ae4c80a53779973228029972b61a66c3fc8d8ec1a5cb32bde91abca44,A spell which removes dirt,claude-4-sonnet-20250514,oneshot,1,,"{""creative_alignment"": ""While the spell uses an AoE and a neutral/wind gas manifestation, it does not directly represent the concept of 'removing dirt'\u2014instead, it seems to add a gas effect rather than actually cleansing or removing earth material."", ""instructional_precision"": ""The response does not implement any explicit mechanism for removing dirt or earth; it only creates a gas manifestation, missing the core instruction to remove or cleanse dirt."", ""emergence"": ""There is a small creative attempt to use a wind/neutral gas as a cleansing agent, but it does not go beyond a basic literal translation and lacks any surprising or clever detail."", ""structural_coherence"": ""The JSON is structurally valid and logically consistent with the component rules, with no forbidden nesting or data type errors.""}",2,2,2,5,Passed,,,,,,
12ab7e45b3c2750217186d313d8b014740a626a30f511071f37d4d9a04057c2f,holy hand grenade,claude-4-sonnet-20250514,oneshot,1,,"{""creative_alignment"": ""The spell captures the idea of a 'holy hand grenade' with a projectile that explodes and applies healing and fire elements, but it lacks any unique or overtly 'holy' thematic flair beyond the elements and does not evoke the iconic, dramatic, or comedic aspects associated with the concept."", ""instructional_precision"": ""The spell uses both 'fire' and 'healing' elements as available in context, and implements a projectile with an explosive impact, but the inclusion of a healing powder manifestation and a buffCaster on a timerTrigger after impact is only loosely justified and not clearly tied to the prompt."", ""emergence"": ""While the spell adds a healing powder manifestation and a poison resistance buff, these additions feel somewhat arbitrary and do not meaningfully enhance the core 'holy hand grenade' idea in a creative or surprising way."", ""structural_coherence"": ""The JSON is structurally valid and uses only allowed components and elements, but it improperly nests a deathTrigger and timerTrigger as siblings within an impactTrigger's payload, which is not strictly forbidden but is awkward and could lead to ambiguous behavior.""}",3,3,2,4,Passed,,,,,,
d692658e8341194a25bf26517710d8f0d8de8fce39892f048449de79df1fe5c5,Wood which expands vertically when touched by water,claude-4-sonnet-20250514,oneshot,1,,"{""creative_alignment"": ""The script captures the core idea of 'wood expanding vertically when touched by water' by checking for adjacent water and growing wood above and below, but does not include any additional thematic nuance or visual flair."", ""instructional_precision"": ""It follows the instruction to expand vertically when in contact with water, but does so in both directions (north and south) rather than only one, which could be interpreted as a minor imprecision depending on the user's intent."", ""emergence"": ""The behavior is a direct and literal translation of the prompt, with no extra emergent or creative features such as limiting runaway growth, adding a delay, or simulating swelling."", ""structural_coherence"": ""The JSON is structurally valid, uses only allowed node types, and is logically consistent with no errors.""}",3,4,2,5,Passed,,,,,,
00e40c83172fb335803ea03fc5334218765badfbda03a2fada6d18c3a7181d41,Leaves,claude-4-sonnet-20250514,oneshot,1,,"{""creative_alignment"": ""The script captures the basic idea of 'leaves' by making them green, lightweight (falling down and drifting sideways), flammable, and subject to decay, but it lacks any interaction with 'wood' or trees, missing a key thematic connection."", ""instructional_precision"": ""There were no explicit instructions beyond the name 'Leaves', so the implementation is reasonable, but the lack of any attachment or regrowth logic means it misses a likely implicit expectation for leaves to relate to wood or trees."", ""emergence"": ""The script includes a nice emergent touch: leaves decay over time and can drift sideways or upwards with some randomness, which adds to the realism, but it does not go beyond standard expectations for a 'leaves' element."", ""structural_coherence"": ""The JSON is structurally valid, all node types and parameters are correct, and the logic is consistent with the rules and context.""}",3,3,3,5,Passed,,,,,,
5cb05db81fbfdaa5b97abf16ac18381acb359c831e0458d552ad648e3c9ee6ac,Update leaves to be stationary when touching wood,claude-4-sonnet-20250514,oneshot,1,,"{""creative_alignment"": ""The script captures the core idea by making leaves stationary (i.e., disabling their normal movement and decay) when adjacent to wood, which aligns well with the prompt's intent."", ""instructional_precision"": ""It precisely implements the instruction: leaves only execute their normal behaviors (decay, burning, movement) if they are NOT adjacent to wood, ensuring they are stationary when touching wood."", ""emergence"": ""The solution is a direct and literal translation of the prompt, with no additional emergent or creative behaviors beyond what was requested."", ""structural_coherence"": ""The JSON is structurally valid, uses correct node types and parameters, and is logically consistent with the automata scripting rules.""}",4,5,3,5,Passed,,,,,,
ed489ede1417495d2b68d0a01f7e760da1f147f33ca24e6552f90405bd829773,"When wood is not growing, spawn leaves at the top of the wood",claude-4-sonnet-20250514,oneshot,1,,"{""creative_alignment"": ""The script captures the core idea: when wood is not growing (i.e., not adjacent to water), it attempts to spawn leaves above itself if the space is empty, which matches the prompt's intent."", ""instructional_precision"": ""It correctly checks for the absence of water neighbors to determine if wood is 'not growing' and only then spawns leaves at the top, precisely following the user's instruction."", ""emergence"": ""The implementation is competent and functional, but it does not introduce any additional emergent or creative behaviors beyond the literal requirements."", ""structural_coherence"": ""The JSON is valid, well-structured, and logically consistent with the automata scripting rules and the context provided.""}",4,5,3,5,Passed,,,,,,
e205a105ff586ad49b74de59b8e2104d073a4ee9ef217a0f4b2b28819088ada7,Update fire to burn wood and leaves,claude-4-sonnet-20250514,oneshot,1,,"{""creative_alignment"": ""The script directly addresses the prompt by updating fire to burn both wood and leaves, matching the core thematic intent."", ""instructional_precision"": ""It precisely implements the instruction by adding logic for fire to convert adjacent wood and leaves into fire in all four cardinal directions."", ""emergence"": ""The behavior is a literal extension of the original fire logic, with no additional emergent or creative features beyond the requested burning of wood and leaves."", ""structural_coherence"": ""The JSON is structurally valid, uses only allowed node types and parameters, and is free of logical contradictions.""}",4,5,3,5,Passed,,,,,,
1b56700ae6043314023a541ea8a4eb9845468cfccb5eddd4a6cf6be70c9f95a8,Update gas to disappear when touched by fire,claude-4-sonnet-20250514,oneshot,1,,"{""creative_alignment"": ""The script directly implements the requested behavior: gas disappears (turns to air) when adjacent to fire, which matches the prompt's intent."", ""instructional_precision"": ""The explicit instruction to make gas disappear when touched by fire is followed exactly, with a neighbor count check for fire and a type change to air."", ""emergence"": ""The solution is functional but literal, simply adding the required disappearance mechanic without any additional emergent or creative features."", ""structural_coherence"": ""The JSON is structurally valid, uses correct node types and parameters, and integrates cleanly with the existing context.""}",4,5,3,5,Passed,,,,,,
0bccad6d17eeee070349e10c30f0273c4002aec36d00855cdb23538d364ffab9,Ice,claude-4-sonnet-20250514,oneshot,1,,"{""creative_alignment"": ""The script captures the basic idea of 'ice' by enabling it to freeze adjacent water and melt when near heat sources, but it lacks more nuanced or creative behaviors such as sliding or unique interactions with other elements."", ""instructional_precision"": ""Although the prompt was minimal, the script logically implements ice freezing water and melting near fire or pyrolava, and transitions to water at low alpha, which aligns well with expected behavior for 'ice'."", ""emergence"": ""There is some emergent behavior in the probabilistic freezing of water and gradual melting, but nothing particularly clever or surprising beyond standard expectations for an 'ice' element."", ""structural_coherence"": ""The JSON is structurally valid, uses correct node types and parameters, and is free of logical contradictions or forbidden constructs.""}",3,5,3,5,Passed,,,,,,
15cdef17613e56ea60c120db7724fadc9b2044cad1ed51d521ec2e9399192079,cast lightning bolt on opponent,claude-4-sonnet-20250514,oneshot,1,,"{""creative_alignment"": ""The spell correctly represents a lightning bolt by using a fast, low-gravity projectile with the electric element and an appropriate color, but it lacks any special effects or visual flair that would make it feel truly like a lightning strike."", ""instructional_precision"": ""The response follows the basic instruction to cast a lightning bolt at an opponent, but the inclusion of bounces is questionable for a lightning bolt, which is typically a straight, instantaneous effect."", ""emergence"": ""This is a competent but literal implementation, with no additional features such as chaining, stunning, or explosive effects that could make a lightning bolt more interesting or dynamic."", ""structural_coherence"": ""The JSON is valid, all component types and properties are used correctly, and there are no logical contradictions.""}",3,3,2,5,Passed,,,,,,
07ae88855bc8a87b35147bee3b193937a1293e0ebac5c05f047e3493d7a3475a,drop cloud onto opponent from the sky,claude-4-sonnet-20250514,oneshot,1,,"{""creative_alignment"": ""The spell effectively represents dropping a cloud from the sky with a downward projectile and a gas manifestation, but the use of 'poison' and 'electric' elements makes the cloud more harmful than a generic 'cloud', missing the neutral or weather-like nuance implied by the prompt."", ""instructional_precision"": ""The spell uses a downward angle (270 degrees) to simulate dropping from the sky and manifests a cloud on impact, but it does not explicitly target an opponent or ensure the cloud falls directly onto them, and the element choices may not match the user's likely intent."", ""emergence"": ""While the spell is competently constructed, it does not add any clever or surprising features beyond the basic interpretation of the prompt."", ""structural_coherence"": ""The JSON is structurally valid and all components are used correctly according to the rules, but the 'elements' array in the manifestation includes two elements, which is allowed, though it could be more thematically justified.""}",3,3,3,5,Passed,,,,,,
277cb553bdc78c02118ed2a452d9d5e65aa04a2c912c94775521c3a1d73c5f5c,cast snake which slithers around map and bites opponents,claude-4-sonnet-20250514,oneshot,1,,"{""creative_alignment"": ""The spell uses a wallCrawl component to simulate slithering and a poison element to represent a venomous snake, but the 'bite' is represented only by leaving a harmful liquid, missing the direct attack or damage aspect of a snake bite."", ""instructional_precision"": ""While the spell implements slithering and poison, it does not directly address the 'bite' as an attack on opponents\u2014manifesting poison liquid on impact is an indirect effect rather than a clear bite mechanic."", ""emergence"": ""The use of a wallCrawl homing projectile with a poison manifestation is a competent but expected translation, with no surprising or particularly clever features beyond the basic requirements."", ""structural_coherence"": ""The JSON is structurally valid and uses only allowed components and properties, but the use of a manifestation as a bite effect is a slight logical stretch, as a direct damage or debuff would have been more precise.""}",3,3,3,5,Passed,,,,,,
9d191d03074a4cf171302efea6f834d8c4e73cce614070dcf2d523e477f1fcdf,"Throw a playing card which targets the nearest enemy, and deals damage that scales with a random generated number",claude-4-sonnet-20250514,oneshot,1,,"{""creative_alignment"": ""The spell captures the idea of throwing a homing playing card and dealing damage, but it misses the critical theme of damage scaling with a random number, which is central to the 'lucky' or 'random' aspect."", ""instructional_precision"": ""While the spell correctly implements a homing projectile and neutral element, it fails to represent the scaling/randomized damage mechanic, and redundantly includes a color component in the impactTrigger payload, which is ignored for explosions."", ""emergence"": ""The spell is a competent, literal translation of the prompt's basic mechanics but adds no creative flair or interesting twist to the concept."", ""structural_coherence"": ""The JSON is structurally valid and uses allowed components, but the inclusion of a color component inside the impactTrigger payload for an explosion is unnecessary and ignored, representing a minor structural flaw.""}",3,2,2,4,Passed,,,,,,
167c327c7d7bc5eb31e62485378be8f9f3fdc9d36d756003275cc797b1f3bbbc,Affect opponent with the giggles and take damage over time,claude-4-sonnet-20250514,oneshot,1,,"{""creative_alignment"": ""The spell delivers a poison gas that damages over time, but it fails to represent the 'giggles' or any laughter-related effect, missing the whimsical aspect of the prompt."", ""instructional_precision"": ""It implements the damage-over-time mechanic via repeated poison explosions, but does not address the explicit instruction to cause giggling or a laughter effect on the opponent."", ""emergence"": ""The spell is a straightforward poison DoT with no creative or unexpected features that evoke giggling or humor, making it competent but uninspired."", ""structural_coherence"": ""The JSON is structurally valid and uses only allowed components, but incorrectly nests a timerTrigger alongside a manifestation in the same impactTrigger, which is not permitted since manifestation should end the spell.""}",2,2,2,3,Passed,,,,,,
e2c904612bec0888521e6d65884ad89a0620b3d71a4dea1701742a05fc2a27f4,give me superman laser vision that burns,claude-4-sonnet-20250514,oneshot,1,,"{""creative_alignment"": ""The spell captures the idea of a burning laser by using a fast, gravity-free fire projectile with a red color, but it lacks the continuous beam aspect and iconic visual of Superman's laser vision."", ""instructional_precision"": ""It follows the basic instruction for a burning, fire-themed laser, but misses the nuance of a sustained or beam-like effect that would better match 'laser vision'."", ""emergence"": ""The spell is a competent, literal translation of the prompt with a burning gas manifestation on impact, but adds no creative or unexpected features."", ""structural_coherence"": ""The JSON is structurally valid and all components are used correctly according to the rules.""}",3,3,2,5,Passed,,,,,,
0986e6ea6344a41f7b1fb80b8ba77a68b28625ad0c8cf8be5c9bf92c41d1d7e3,Give me a random superhero power from the avengers,claude-4-sonnet-20250514,oneshot,1,,"{""creative_alignment"": ""The spell effectively evokes Captain America's iconic shield with a boomerang projectile and a solid manifestation, but lacks any unique superheroic flair or additional powers beyond the shield throw."", ""instructional_precision"": ""While the spell is a competent representation of a vibranium shield throw, the user requested a 'random superhero power' from the Avengers, not specifically Captain America's shield, so the response is overly specific and not random."", ""emergence"": ""The spell is a direct and literal translation of the shield-throwing concept, with no extra creative features or unexpected behaviors that would elevate it beyond the obvious."", ""structural_coherence"": ""The JSON is structurally valid and all components are used correctly according to the rules, but the manifestation's 'lifespan' is unusually long for a thrown shield and could have been explained better.""}",3,2,2,5,Passed,,,,,,
d44e4b24307491bb36da37080cb0cf854c2db5b2ed64bf4c363ed3f8398778dd,Give me a panda sidekick that blocks all damage and bites all opponents on the map,claude-4-sonnet-20250514,oneshot,1,,"{""creative_alignment"": ""The spell attempts to represent a 'Guardian Panda' by combining a shield and a recurring AoE bite effect, but it fails to evoke the sidekick or panda aspect in any meaningful or thematic way."", ""instructional_precision"": ""While it implements a shield to block damage and an AoE attack to bite opponents, it does not create a persistent sidekick entity and the 'bite' is represented as a generic poison gas, missing the explicit instruction for a panda sidekick and the physicality of a bite."", ""emergence"": ""The spell is a straightforward combination of shield and recurring AoE poison, with no clever or surprising features that enhance the panda or sidekick theme."", ""structural_coherence"": ""The JSON is structurally valid and the components are correctly nested, but the use of a manifestation inside a deathTrigger of an AoE that lasts only 1 turn is somewhat redundant and the lack of a true 'sidekick' or persistent entity is a logical gap.""}",2,2,2,4,Passed,,,,,,
e187a2e1a273d29f90750fbc7b0d7ba6ef388711eb9ddca3bdfabc4e7e3d6e4f,bright blue thunderbolt strikes,claude-4-sonnet-20250514,oneshot,1,,"{""creative_alignment"": ""The spell effectively conveys the idea of a bright blue thunderbolt strike with electric element, blue coloring, and a fast projectile, but the use of a volley (count: 3) and random angles slightly diverges from the singular, focused 'strike' implied by the prompt."", ""instructional_precision"": ""The spell follows the main instructions for electric element and blue color, but the inclusion of three projectiles and random angles does not strictly match the singular 'thunderbolt' described, and the impact explosion's color and element are redundantly specified."", ""emergence"": ""While the spell adds a volley effect and a visually impactful explosion, these additions are not particularly creative or surprising for a thunderbolt concept and do not elevate the spell beyond a competent implementation."", ""structural_coherence"": ""The JSON is structurally valid and uses only allowed components, but the impactTrigger's payload redundantly includes both an explosion and a color/element, which is unnecessary since the explosion should inherit the spell's properties.""}",4,3,3,4,Passed,,,,,,
bc656586abeca370f015b393c0b7035f0bbb88a1160d392891226bea5ae60499,"a cartoon bomb falls from the sky, and explodes fireworks",claude-4-sonnet-20250514,oneshot,1,,"{""creative_alignment"": ""The spell captures the idea of a bomb falling and exploding into fireworks-like projectiles, but the visual and playful 'cartoon' aspect is not strongly represented, and the fireworks effect is only loosely implied by the nested projectiles."", ""instructional_precision"": ""The response follows the main instructions (falling bomb, explosion, fireworks), but the use of 'electric' for the fireworks projectiles is questionable given the 'fireworks' theme and available elements, and the color choices do not fully evoke a fireworks display."", ""emergence"": ""There is some creativity in using multiple deathTriggers to simulate fireworks bursts, but the implementation is fairly literal and does not add any delightful or unexpected features that would enhance the cartoon or fireworks feel."", ""structural_coherence"": ""The JSON is structurally valid and logically consistent with the rules, but the use of both 'color' and 'element' components at multiple levels is somewhat redundant and the fireworks effect could be more clearly structured.""}",3,3,3,4,Passed,,,,,,
c04d1e14a156f4e69a88288eb9589faa84085cdb669e4ff7dbbf7bd4f811c823,green snakes that leave a residual poison inflicted on the foe,claude-4-sonnet-20250514,oneshot,1,,"{""creative_alignment"": ""The spell uses green projectiles with poison and a gas manifestation to evoke 'venomous snakes' and 'poison', but it lacks any explicit snake or serpent motif and does not clearly inflict a lingering debuff on the foe as described."", ""instructional_precision"": ""While the spell applies poison and leaves a harmful gas on impact, it does not directly inflict a 'residual poison' status on the foe, missing the explicit 'inflicted on the foe' part of the instruction."", ""emergence"": ""The use of a poison gas manifestation is a competent way to represent lingering poison, but the spell does not add any clever or surprising features beyond the literal translation of the prompt."", ""structural_coherence"": ""The JSON is structurally valid and all components are used correctly according to the rules, but the use of 'replace: true' in the impactTrigger with only a manifestation payload is somewhat redundant, and the spell could be more logically clear if it included a buffCaster or similar effect to represent the inflicted poison.""}",3,3,3,4,Passed,,,,,,
c4344e0064627bad239a284ccf7c8a4586fd71f3dd808f658757d3c04ed4b462,"a poltergeist that spooks the foe, causing them to jump",claude-4-sonnet-20250514,oneshot,1,,"{""creative_alignment"": ""The spell uses a 'spooky' wall-crawling entity that releases a ghostly gas, which fits the poltergeist theme, but it does not directly address the 'causing them to jump' effect, missing the core behavioral outcome."", ""instructional_precision"": ""While the spell employs appropriate components for a haunting presence and uses the 'spooky' element, it fails to implement any mechanic that would make foes 'jump' or simulate a startle effect, thus missing a key instruction."", ""emergence"": ""The use of a manifestation of spooky gas on impact adds some atmosphere, but there are no clever or surprising mechanics that enhance the 'spook and jump' idea beyond the literal translation."", ""structural_coherence"": ""The JSON is structurally valid and all components are used correctly according to the rules, with no logical or syntactic errors.""}",3,2,2,5,Passed,,,,,,
4c19bd129e7717798868c6347829a6c18c37cf33c6b5b135743cb88e2893de92,summon a blizzard that freezes the foe,claude-4-sonnet-20250514,oneshot,1,,"{""creative_alignment"": ""The spell captures the blizzard theme with an AoE, ice and wind elements, and a powder manifestation, but lacks any explicit freezing or debuff effect on foes, missing the 'freezes the foe' nuance."", ""instructional_precision"": ""While the spell includes appropriate elements and a persistent AoE, it does not implement any mechanism that would actually freeze or debilitate foes, which is a key part of the instruction."", ""emergence"": ""The repeated manifestation of icy powder within the AoE is a nice touch, but there are no clever or surprising mechanics that enhance the blizzard or freezing concept beyond the obvious."", ""structural_coherence"": ""The JSON is valid, the structure is correct, and all components are used according to the rules, but the manifestation's 'powder' class for a blizzard could be more fitting as 'solid' or 'gas' for ice or snow, which is a minor thematic mismatch.""}",3,2,3,5,Passed,,,,,,
d59dbc89fb8824467875c486c8492b917af69fcacafd048fd9831d8464163cdd,make my character larger and jump into the air in a way I can control their movement,claude-4-sonnet-20250514,oneshot,1,,"{""creative_alignment"": ""The spell captures the idea of a leap with controllable movement and wind theming, but the 'make my character larger' aspect is missing, and the buffCaster only heals instead of increasing size."", ""instructional_precision"": ""While the spell implements a controllable jump and wind element as requested, it fails to address the explicit instruction to make the character larger, and the buffCaster's heal property is unrelated."", ""emergence"": ""The use of a timerTrigger to launch a controllable projectile that teleports the caster is a clever way to simulate a jump, but there are no additional creative flourishes or surprises beyond this."", ""structural_coherence"": ""The JSON is structurally valid and logically consistent with the component rules, but the buffCaster's use of 'heal' instead of a size-altering property is a minor misuse of intent, though not a structural violation.""}",3,2,3,5,Passed,,,,,,
252e7ae5dbc2f17037c5461515b29f3cd6e5c78886172405bde23f28fdc8a590,generate a tornado that I can control,claude-4-sonnet-20250514,oneshot,1,,"{""creative_alignment"": ""The spell uses wind elements, a swirling wallCrawl movement, and gas manifestation to evoke a tornado, but the inclusion of a button-triggered homing projectile is thematically disconnected from a tornado and detracts from the overall tornado feel."", ""instructional_precision"": ""The spell implements controllability and wind theming as requested, but the addition of a button-triggered projectile is not part of the original instruction and introduces an unnecessary element."", ""emergence"": ""While the timer-triggered gas manifestation adds a nice touch of swirling wind, the button-triggered projectiles are an uninspired addition that do not enhance the tornado concept."", ""structural_coherence"": ""The JSON is structurally valid and all components are used according to the rules, but the presence of both a wallCrawl and a projectile as parallel spell classes in the same spell is a minor logical flaw.""}",3,3,3,3,Passed,,,,,,
ff376251e74b0c46060275504df292d7134a41a75418bdbcf0943010bd5360c8,A new material called lava. It melts sand. It also turns water into gas when touching it,claude-4-sonnet-20250514,oneshot,1,,"{""creative_alignment"": ""The response captures the core idea of lava interacting with sand and water, but it turns both sand and water into gas, which is incorrect for sand (it should melt, not become gas)."", ""instructional_precision"": ""The script correctly turns water into gas when adjacent, but it fails to implement the correct transformation for sand (melting), instead converting sand to gas, which is not what was requested."", ""emergence"": ""The behavior is a direct and literal translation of the prompt, with no additional emergent or creative features beyond the basic requirements."", ""structural_coherence"": ""The JSON is structurally valid, uses only allowed node types and parameters, and is logically coherent within the automata scripting rules.""}",3,2,1,5,Passed,,,,,,
e50909b2a7c83b40a67a48d9e0a96f244b05a7582327f25c180de499df608384,"A stone element that moves like sand, but that is immune to lava",claude-4-sonnet-20250514,oneshot,1,,"{""creative_alignment"": ""The automaton captures the 'moves like sand' behavior well, using the same downward and diagonal movement logic, and the color is appropriate for stone; however, it does not implement any explicit immunity to lava, missing a key thematic detail."", ""instructional_precision"": ""While the movement logic is accurate and matches the sand element, the script fails to implement the explicit requirement that stone is immune to lava, as there is no check or special handling for lava neighbors."", ""emergence"": ""The behavior is a direct, literal translation of sand's movement with no additional features or creative enhancements; there is no emergent or clever detail."", ""structural_coherence"": ""The JSON is structurally valid, well-formed, and logically consistent with the rules and node types.""}",3,2,1,5,Passed,,,,,,
00e6507492d7ae76f84fb26d45e5ffc80c0f47e0ec2fc47a2af6e652d1f187a8,An update to water. It now converts lava into stone when touching it,claude-4-sonnet-20250514,oneshot,1,,"{""creative_alignment"": ""The script directly implements the new behavior of water converting adjacent lava to stone, matching the update's intent, but does so in a very literal and exhaustive way without any nuance or extra thematic detail."", ""instructional_precision"": ""It precisely follows the instruction to convert lava to stone when touching it, checking all eight neighboring directions and using the correct node types and parameters."", ""emergence"": ""The implementation is strictly literal, simply adding the required conversion logic without any emergent or creative features beyond the prompt."", ""structural_coherence"": ""The JSON is structurally valid, uses appropriate node types, and integrates the new behavior cleanly alongside the existing movement logic, with no logical or syntactic errors.""}",3,5,1,5,Passed,,,,,,
1907b49b025c474f5e38a0015c361079e9fc2e2ea12ef428a883878d3ccb09e2,"An electric element that removes gas it comes into contact with. After one second, the element disappears",claude-4-sonnet-20250514,oneshot,1,,"{""creative_alignment"": ""The script captures the idea of an electric 'spark' that removes gas on contact and disappears after a set time, with the color and name fitting the electric theme."", ""instructional_precision"": ""It correctly removes adjacent gas by converting it to air and uses alpha subtraction to time its disappearance after approximately one second, matching the instructions closely."", ""emergence"": ""The approach is competent and functional but does not introduce any clever or unexpected emergent behavior beyond the literal requirements."", ""structural_coherence"": ""The JSON structure is valid, all node types and parameters are correct, and the logic is consistent with the rules and context.""}",5,5,3,5,Passed,,,,,,
7deb5f7a04d6d50429009db7a1bb7f5516887b5c4221e6f929ff98b15e2b0437,A grass element that grows on sand tiles,claude-4-sonnet-20250514,oneshot,1,,"{""creative_alignment"": ""The automaton captures the core idea of grass growing on sand by enabling grass to spread to adjacent sand tiles, and the green color is appropriate for grass."", ""instructional_precision"": ""The script correctly restricts grass growth to sand tiles and ensures that new grass only spawns on sand, following the prompt's requirements."", ""emergence"": ""There is some emergent behavior in the way grass can spread both vertically and horizontally, but the implementation is fairly straightforward and does not introduce any clever or unexpected dynamics."", ""structural_coherence"": ""The JSON is structurally valid, uses the correct node types and nesting, and all logic is consistent with the defined rules.""}",4,5,3,5,Passed,,,,,,
7c31e3e2605079e0f199cd6f0ae5352ec7b9d6b62f212ba413857e6b7d33957b,"kelp element that grows 1 tile up every 20 seconds, but only if adjacent to water",claude-4-sonnet-20250514,oneshot,1,,"{""creative_alignment"": ""The script captures the core idea of kelp growing upward when adjacent to water, and the green color is thematically appropriate."", ""instructional_precision"": ""The behavior checks for adjacent water before growing and uses alpha as a timer to approximate a 20-second interval, but the growth only occurs if the cell above is 'air', which is a reasonable assumption; all explicit instructions are followed."", ""emergence"": ""The use of alpha as a growth timer is standard, and while the logic is competent, there are no particularly clever or surprising emergent behaviors beyond the literal requirements."", ""structural_coherence"": ""The JSON is structurally valid, uses correct node types and parameters, and is free of logical contradictions.""}",4,5,3,5,Passed,,,,,,
bdc4afd567a19dae881ccf82dca7d6c4f4d21ce3eec693b6b31b10311165baea,"fish element that when it lands on water, moves around amongst adjacent tiles of water",claude-4-sonnet-20250514,oneshot,1,,"{""creative_alignment"": ""The script captures the core idea of a fish that moves around when surrounded by water, but it lacks any behavior for when the fish is not on water or for entering water, missing some nuance of 'landing' and transition."", ""instructional_precision"": ""It implements movement only when adjacent to water, using a random direction and a chance, but does not explicitly handle the transition from non-water to water or restrict movement to only water tiles, which was implied in the prompt."", ""emergence"": ""The use of random rotation and chance adds some unpredictability to the fish's movement, but the behavior is otherwise straightforward and literal, with no extra emergent or clever features."", ""structural_coherence"": ""The JSON is structurally valid, uses only allowed node types, and is logically consistent with the automata scripting rules.""}",3,3,3,5,Passed,,,,,,
df52b1c851af996314e4c3de288b807af99834c767b8e7606d0fec49b6a976f0,"update fish, so that if in the air it falls until it cannot keep falling",claude-4-sonnet-20250514,oneshot,1,,"{""creative_alignment"": ""The script captures the basic idea that fish should fall when in air, but it only allows a single downward movement per tick, rather than falling continuously until blocked, which was the main creative nuance of the prompt."", ""instructional_precision"": ""It partially follows the instruction by making fish fall if there is air or gas below, but it does not implement the 'fall until it cannot keep falling' requirement, as it only swaps once per update."", ""emergence"": ""The behavior is a straightforward, literal translation of the prompt without any additional emergent or clever features."", ""structural_coherence"": ""The JSON is valid, well-structured, and logically consistent with the allowed node types and parameters.""}",3,3,1,5,Passed,,,,,,
ae91360f6f2a1e1d735ebee7688bea16743b7ebc87076402a787856d4bc6030c,throw exploding bananas that curve upwards,claude-4-sonnet-20250514,oneshot,1,,"{""creative_alignment"": ""The spell uses a projectile with negative gravity to curve upwards and includes plant elements and a yellow color to evoke bananas, but the presence of both deathTrigger and impactTrigger for explosions is redundant and muddles the 'exploding banana' theme."", ""instructional_precision"": ""The spell implements a curving projectile and an explosion, but the use of both deathTrigger and impactTrigger for similar effects is unnecessary, and the manifestation of powder on impact is not clearly justified by the prompt."", ""emergence"": ""While the powder manifestation adds a minor extra detail, it is not a particularly clever or fitting addition to the exploding banana concept and does not enhance the spell in a meaningful way."", ""structural_coherence"": ""The JSON is valid and structurally sound, but the use of both deathTrigger and impactTrigger for similar payloads is inefficient and could cause logical overlap, though not a strict rule violation.""}",4,3,3,4,Passed,,,,,,
cbd68d40b589474928905182c31f811f5b2b9dd29847b5c0b92a3ba3f1708790,create a cloud that drops a lot of ice,claude-4-sonnet-20250514,oneshot,1,,"{""creative_alignment"": ""The spell effectively represents a cloud that repeatedly drops ice, but it lacks any explicit visual or thematic representation of a 'cloud' itself, relying solely on an AoE with ice manifestations."", ""instructional_precision"": ""It follows the instruction to create a persistent area that drops a lot of ice, but does not manifest a visible cloud or use wind/water elements to reinforce the cloud concept."", ""emergence"": ""The repeated timer-triggered ice drops are a competent implementation, but there are no clever or surprising details, such as a visible cloud manifestation or environmental effects."", ""structural_coherence"": ""The JSON is structurally valid and all components are used correctly according to the rules, but the AoE and timerTrigger could have been more clearly separated for readability.""}",3,3,3,5,Passed,,,,,,
3e793f5988c9489293c7b43341f6d54e23677266fae59d3b96b432de0f08ba40,create a baloon that floats then explodes causing damage,claude-4-sonnet-20250514,oneshot,1,,"{""creative_alignment"": ""The spell uses a low-gravity wind projectile to represent a floating balloon and includes an explosion, but lacks any manifestation or visual element to clearly evoke a 'balloon' and does not add any playful or balloon-specific nuance."", ""instructional_precision"": ""It implements the floating (via low gravity) and explosion after a delay, but redundantly triggers the explosion both on timer and on death, which could cause double explosions and is not strictly precise to the prompt."", ""emergence"": ""The spell is a competent, literal translation of the prompt with no creative surprises or enhancements beyond the basic floating and explosion behavior."", ""structural_coherence"": ""The JSON is valid and all components are used correctly, but the redundant triggers for explosion (timerTrigger and deathTrigger) could cause logical overlap, which is a minor flaw.""}",3,3,2,4,Passed,,,,,,
65644550bd9f59f2c34c7d28f22e4464aa68e02a3334f1ab3c08f6598c42dacf,summon a dragon that breaths ice,claude-4-sonnet-20250514,oneshot,1,,"{""creative_alignment"": ""The spell captures the idea of summoning a dragon that breathes ice by using a wallCrawl component (for the dragon) and a button-triggered ice breath attack, but it lacks any manifestation or representation of the dragon itself and does not visually or mechanically distinguish the summoned entity as a 'dragon'."", ""instructional_precision"": ""The response interprets 'summon a dragon that breaths ice' as a wallCrawl entity with a triggered ice breath, but it omits any manifestation or persistent entity to represent the dragon, and the dragon's breath is limited to three uses with buttonTrigger, which is a restrictive interpretation."", ""emergence"": ""While the use of buttonTrigger for breath and wallCrawl for movement is a competent approach, there are no clever or surprising features such as a persistent dragon body, unique breath pattern, or additional dragon-like behaviors."", ""structural_coherence"": ""The JSON is structurally valid and all components are used according to the rules, but the lack of a manifestation for the dragon itself is a logical omission for a 'summon' spell.""}",3,3,3,4,Passed,,,,,,
217f5d4e9e78474cd9c6ace76a0b24584a02ce0b5563f4e77cb8d1ebcca25c73,wrap opponant in a bubble that slows them down.,claude-4-sonnet-20250514,oneshot,1,,"{""creative_alignment"": ""The spell captures the 'bubble' and 'water' theme and wraps the opponent on impact, but it does not explicitly implement a slowing effect, only using a viscous liquid manifestation."", ""instructional_precision"": ""While the spell creates a water bubble on impact, it does not directly apply a slow or debuff mechanic, relying on the 'viscous' property which may not guarantee a slowing effect as requested."", ""emergence"": ""The addition of homing and a visually appropriate color is a nice touch, but the spell does not go beyond the basic idea or add any clever, unexpected features."", ""structural_coherence"": ""The JSON is structurally valid and uses components correctly, but the manifestation's slowing effect is only implied and not mechanically enforced, which is a minor logical gap.""}",3,2,3,4,Passed,,,,,,
71a3f78e02d7d78ef2b6a5986e3d9cef1115258f3858633a11eca5d2f7ce98cc,shoot hundreds of large white balls that explode,claude-4-sonnet-20250514,oneshot,1,,"{""creative_alignment"": ""The spell captures the idea of shooting many large white balls that explode, but lacks any creative nuance or additional visual flair that could have enhanced the 'barrage' concept."", ""instructional_precision"": ""It follows the instruction to shoot hundreds (via count: 100), makes the balls large and white, and ensures they explode, but does not specify 'hundreds' in a dynamic way (e.g., random spread or timing), and the explosion is fairly basic."", ""emergence"": ""The implementation is competent but literal, simply translating the prompt into components without any clever or unexpected features such as chaining explosions or varied explosion effects."", ""structural_coherence"": ""The JSON is structurally valid and logically sound, but includes redundant 'element' and 'color' components within the deathTrigger payload, which are ignored for explosion and do not affect the explosion's behavior.""}",3,4,2,4,Passed,,,,,,
71a3f78e02d7d78ef2b6a5986e3d9cef1115258f3858633a11eca5d2f7ce98cc,shoot hundreds of large white balls that explode,claude-4-sonnet-20250514,oneshot,1,,"{""creative_alignment"": ""The spell effectively represents shooting many large white balls that explode, but lacks any additional creative flair or nuance beyond the literal description."", ""instructional_precision"": ""It follows the instruction to shoot hundreds (via count: 100), makes the balls large and white, and ensures they explode, but the explosion radius could be larger for 'large balls' and the color is redundantly applied in the deathTrigger."", ""emergence"": ""The implementation is competent but does not add any clever or unexpected features, such as varying explosion effects or additional visual spectacle."", ""structural_coherence"": ""The JSON is structurally valid, but the inclusion of 'color' and 'element' components inside the deathTrigger's payload for an explosion is unnecessary since these do not affect the explosion, which is a minor logical flaw.""}",4,4,3,4,Passed,,,,,,
fb061cea604f0a5eff9cd3a1708d7c74b2d91ddbc20129107fba0b182a910ced,teleport spell to move in direction cast,claude-4-sonnet-20250514,oneshot,1,,"{""creative_alignment"": ""The spell uses a fast, small projectile to represent directionality and triggers teleportation after a short delay, but this approach is somewhat indirect and could be confusing compared to a more straightforward directional teleport."", ""instructional_precision"": ""It interprets 'move in direction cast' by using a projectile to set direction, but the teleport is delayed by a timer rather than being immediate, which is a minor deviation from the likely intent of instant movement."", ""emergence"": ""The use of a projectile to encode direction is a competent solution, but the spell does not add any creative or surprising features beyond the basic mechanic."", ""structural_coherence"": ""The JSON is structurally valid and all components are used correctly, but the use of a timerTrigger with replace:true is slightly awkward for this purpose.""}",3,3,3,5,Passed,,,,,,
07753e8585155891c54d6a9180e862f4ea7c7402f75f1e31acb7cfe14b9f197e,cast spell to fire water,claude-4-sonnet-20250514,oneshot,1,,"{""creative_alignment"": ""The spell implements a projectile that delivers water, which aligns with the basic idea of 'fire water', but it misses any creative nuance or dual-element (fire+water) interpretation that the phrase might suggest."", ""instructional_precision"": ""It follows the instruction to cast a spell that fires water by creating a water-element projectile that manifests liquid water on impact, but does not explore any ambiguity in the phrase or attempt to combine fire and water elements."", ""emergence"": ""The spell is a straightforward, literal implementation of firing water, with no additional creative features or surprising effects."", ""structural_coherence"": ""The JSON is structurally valid and all components are used correctly according to the rules, but the use of 'replace': true in the impactTrigger is unnecessary since only one payload is present.""}",3,4,2,5,Passed,,,,,,
541b2b1fffb6abd1310d1fad79c9e0571c0343b7f59f5a644bcd2d3ec300718d,Wood that is brown that slowly grows if in sand and near water,claude-4-sonnet-20250514,oneshot,1,,"{""creative_alignment"": ""The automaton captures the core idea of 'wood' that is brown and grows slowly if in sand and near water, using a brown color and conditional logic for growth based on sand below and water nearby."", ""instructional_precision"": ""All explicit instructions are followed: growth only occurs if sand is below and water is adjacent, and the chance is low (slow growth), though the prompt does not specify alpha usage, which is a minor creative liberty."", ""emergence"": ""The use of alpha in the spawned wood cell could allow for further emergent behavior (e.g., gradual solidification), but this is not fully realized or explained, so the emergence is competent but not surprising."", ""structural_coherence"": ""The JSON is structurally valid, uses correct node types and parameters, and there are no logical contradictions.""}",5,5,3,5,Passed,,,,,,
16b46b6e905359e54ca836aa4e99cf451f3a1bcc7d0cdce0cc50daaeba2edd3b,Beaver eats wood red in color,claude-4-sonnet-20250514,oneshot,1,,"{""creative_alignment"": ""The script captures the idea of a 'beaver' that eats wood by moving into wood cells and removing itself (simulating 'eating'), and the red color matches the 'red in color' instruction."", ""instructional_precision"": ""It follows the main instruction by targeting 'wood' and removing itself after swapping, but it does not leave any trace (such as 'air' or another type) to represent the eaten wood, nor does it simulate any more nuanced behavior."", ""emergence"": ""The behavior is a direct, literal translation of 'beaver eats wood' with no additional emergent or creative features, such as leaving behind a 'chewed' state, interacting with water, or moving in a more animal-like pattern."", ""structural_coherence"": ""The JSON is structurally valid, uses correct node types and nesting, and is free of logical contradictions.""}",4,4,2,5,Passed,,,,,,
544b57150ea9a5ee6225f5ca773b7a118fc283e73ce7afbfb691e862c7f9f401,Bee is yellow and floats around not doing much,claude-4-sonnet-20250514,oneshot,1,,"{""creative_alignment"": ""The automaton captures the core idea of a 'bee' that is yellow and floats around, with the color and random movement matching the prompt's description of aimless floating."", ""instructional_precision"": ""The script follows the instructions by making the bee float (move randomly) and not do much else, but it could have included a lower movement chance to better reflect inactivity."", ""emergence"": ""The implementation is literal and functional, but does not add any emergent or creative behaviors beyond the basic floating movement."", ""structural_coherence"": ""The JSON is structurally valid, uses correct node types and parameters, and is free of logical contradictions.""}",4,4,3,5,Passed,,,,,,
31038ede2e4655c668a61cd12b41c8b6f00fee6797d39ce60fa7930aa8418122,Ivy is green and grows if next to sand and water,claude-4-sonnet-20250514,oneshot,1,,"{""creative_alignment"": ""The automaton captures the core concept of 'ivy' as a green, growing plant that requires both sand and water nearby to grow, which aligns well with the prompt."", ""instructional_precision"": ""It correctly checks for the presence of both sand and water in the neighborhood before allowing ivy to grow, and uses a reasonable chance-based mechanism for spreading, but it only grows upward (north), which is a minor imprecision since the prompt did not specify direction."", ""emergence"": ""The use of a fire check for burning and the requirement for both sand and water before growth adds some complexity, but the behavior is otherwise a straightforward implementation of the prompt with no extra emergent features."", ""structural_coherence"": ""The JSON is structurally valid, uses only allowed node types, and all logic is consistent with the rules and context.""}",4,4,3,5,Passed,,,,,,
44eb046644963f01bb3da09539e1d11d73b05f41c502ff193183df7c5286b9f8,Update ivy to grown next to wood,claude-4-sonnet-20250514,oneshot,1,,"{""creative_alignment"": ""The script successfully updates ivy to grow next to wood by allowing ivy to spread when adjacent to either sand or wood, which aligns with the user's request, though the growth is still gated by the presence of water nearby."", ""instructional_precision"": ""The main instruction\u2014to allow ivy to grow next to wood\u2014was implemented by adding 'wood' to the neighbor check, but the logic still requires water to be present, which was not specified in the prompt and may unnecessarily restrict growth."", ""emergence"": ""The behavior is a direct extension of the previous logic, simply adding 'wood' as a valid substrate, without any additional emergent or creative features."", ""structural_coherence"": ""The JSON is structurally valid, uses only allowed node types and parameters, and is free of logical contradictions.""}",4,3,3,5,Passed,,,,,,
4697f43225ed3e135d2f1f64308e8a9a9e2c47f1ee8a3311f22e24dffd804f97,update flower to grown only next to ivy,claude-4-sonnet-20250514,oneshot,1,,"{""creative_alignment"": ""The script successfully aligns with the prompt by making flower growth contingent on the presence of neighboring ivy, capturing the intended dependency."", ""instructional_precision"": ""The previous unconditional growth logic has been replaced with a conditional that only allows flower spawning if at least one ivy neighbor exists, precisely following the instruction."", ""emergence"": ""The implementation is competent but literal, simply gating the existing growth logic behind an ivy neighbor check without adding any extra nuance or emergent behavior."", ""structural_coherence"": ""The JSON is structurally valid, uses correct node types and parameters, and is free of logical contradictions.""}",4,5,3,5,Passed,,,,,,
290348a346c733c0f0d877e1879db0aa922607becaea875b942963b24e2dc94c,"Fire is red and will destroy wood, flowers and ivy and turn sand into a wall",claude-4-sonnet-20250514,oneshot,1,,"{""creative_alignment"": ""The automaton captures the destructive and transformative nature of fire by destroying wood, flower, and ivy, and turning sand into wall, with a vivid red color, closely matching the prompt's theme."", ""instructional_precision"": ""All explicit instructions are implemented: fire destroys wood, flower, and ivy (by converting them to fire), and turns sand into wall; the color is correctly set to red."", ""emergence"": ""The use of alpha to control fire's lifespan and the probabilistic movement upwards (simulating rising flames) adds a small emergent touch, but overall the behavior is a direct translation of the prompt."", ""structural_coherence"": ""The JSON is valid, all node types and parameters are correct, and the logic is consistent with the automata scripting rules.""}",5,5,3,5,Passed,,,,,,
